Plant,node1,node2
1901,ATWWP001K24P,ATN01K24P
1903,AT5X5K,ATN01K24P
1903,AT5X5K,MAR01K24P
1903,AT5X5K,SE500G24P
1903,AT5X5K,MASR025K
1903,AT5X5K,ATN02K12P
1903,AT5X5K,SE200G24P
1903,AT5X5K,MAR02K12P
1903,ATN01K24P,MAR01K24P
1903,ATN01K24P,SE500G24P
1903,ATN01K24P,MASR025K
1903,ATN01K24P,ATN02K12P
1903,ATN01K24P,SE200G24P
1903,ATN01K24P,MAR02K12P
1903,MAR01K24P,SE500G24P
1903,MAR01K24P,MASR025K
1903,MAR01K24P,ATN02K12P
1903,MAR01K24P,SE200G24P
1903,MAR01K24P,MAR02K12P
1903,SE500G24P,MASR025K
1903,SE500G24P,ATN02K12P
1903,SE500G24P,SE200G24P
1903,SE500G24P,MAR02K12P
1903,MASR025K,ATN02K12P
1903,MASR025K,SE200G24P
1903,MASR025K,MAR02K12P
1903,ATN02K12P,SE200G24P
1903,ATN02K12P,MAR02K12P
1903,SE200G24P,MAR02K12P
1911,ATN02K12P,ATN01K24P
1911,ATN02K12P,MAR02K12P
1911,ATN02K12P,MAR01K24P
1911,ATN02K12P,SE500G24P
1911,ATN02K12P,ATWWP001K24P
1911,ATN02K12P,MASR025K
1911,ATN02K12P,AT5X5K
1911,ATN02K12P,ATPA1K24P
1911,ATN02K12P,MAP1K25P
1911,ATN01K24P,MAR02K12P
1911,ATN01K24P,MAR01K24P
1911,ATN01K24P,SE500G24P
1911,ATN01K24P,ATWWP001K24P
1911,ATN01K24P,MASR025K
1911,ATN01K24P,AT5X5K
1911,ATN01K24P,ATPA1K24P
1911,ATN01K24P,MAP1K25P
1911,MAR02K12P,MAR01K24P
1911,MAR02K12P,SE500G24P
1911,MAR02K12P,ATWWP001K24P
1911,MAR02K12P,MASR025K
1911,MAR02K12P,AT5X5K
1911,MAR02K12P,ATPA1K24P
1911,MAR02K12P,MAP1K25P
1911,MAR01K24P,SE500G24P
1911,MAR01K24P,ATWWP001K24P
1911,MAR01K24P,MASR025K
1911,MAR01K24P,AT5X5K
1911,MAR01K24P,ATPA1K24P
1911,MAR01K24P,MAP1K25P
1911,SE500G24P,ATWWP001K24P
1911,SE500G24P,MASR025K
1911,SE500G24P,AT5X5K
1911,SE500G24P,ATPA1K24P
1911,SE500G24P,MAP1K25P
1911,ATWWP001K24P,MASR025K
1911,ATWWP001K24P,AT5X5K
1911,ATWWP001K24P,ATPA1K24P
1911,ATWWP001K24P,MAP1K25P
1911,MASR025K,AT5X5K
1911,MASR025K,ATPA1K24P
1911,MASR025K,MAP1K25P
1911,AT5X5K,ATPA1K24P
1911,AT5X5K,MAP1K25P
1911,ATPA1K24P,MAP1K25P
1912,SE500G24P,ATN01K24P
1912,SE500G24P,ATN02K12P
1912,SE500G24P,AT5X5K
1912,SE500G24P,MAR01K24P
1912,SE500G24P,ATWWP001K24P
1912,SE500G24P,MAR02K12P
1912,SE500G24P,MASR025K
1912,ATN01K24P,ATN02K12P
1912,ATN01K24P,AT5X5K
1912,ATN01K24P,MAR01K24P
1912,ATN01K24P,ATWWP001K24P
1912,ATN01K24P,MAR02K12P
1912,ATN01K24P,MASR025K
1912,ATN02K12P,AT5X5K
1912,ATN02K12P,MAR01K24P
1912,ATN02K12P,ATWWP001K24P
1912,ATN02K12P,MAR02K12P
1912,ATN02K12P,MASR025K
1912,AT5X5K,MAR01K24P
1912,AT5X5K,ATWWP001K24P
1912,AT5X5K,MAR02K12P
1912,AT5X5K,MASR025K
1912,MAR01K24P,ATWWP001K24P
1912,MAR01K24P,MAR02K12P
1912,MAR01K24P,MASR025K
1912,ATWWP001K24P,MAR02K12P
1912,ATWWP001K24P,MASR025K
1912,MAR02K12P,MASR025K
1914,MAR01K24P,ATN01K24P
1914,MAR01K24P,AT5X5K
1914,MAR01K24P,ATWWP001K24P
1914,MAR01K24P,MASR025K
1914,MAR01K24P,SE200G24P
1914,MAR01K24P,SE500G24P
1914,MAR01K24P,MAHS025K
1914,ATN01K24P,AT5X5K
1914,ATN01K24P,ATWWP001K24P
1914,ATN01K24P,MASR025K
1914,ATN01K24P,SE200G24P
1914,ATN01K24P,SE500G24P
1914,ATN01K24P,MAHS025K
1914,AT5X5K,ATWWP001K24P
1914,AT5X5K,MASR025K
1914,AT5X5K,SE200G24P
1914,AT5X5K,SE500G24P
1914,AT5X5K,MAHS025K
1914,ATWWP001K24P,MASR025K
1914,ATWWP001K24P,SE200G24P
1914,ATWWP001K24P,SE500G24P
1914,ATWWP001K24P,MAHS025K
1914,MASR025K,SE200G24P
1914,MASR025K,SE500G24P
1914,MASR025K,MAHS025K
1914,SE200G24P,SE500G24P
1914,SE200G24P,MAHS025K
1914,SE500G24P,MAHS025K
1915,ATN01K24P,MAR01K24P
1915,ATN01K24P,ATWWP001K24P
1915,ATN01K24P,AT5X5K
1915,ATN01K24P,SE500G24P
1915,ATN01K24P,SE200G24P
1915,ATN01K24P,MAPA1K24P
1915,ATN01K24P,MAC1K25P
1915,MAR01K24P,ATWWP001K24P
1915,MAR01K24P,AT5X5K
1915,MAR01K24P,SE500G24P
1915,MAR01K24P,SE200G24P
1915,MAR01K24P,MAPA1K24P
1915,MAR01K24P,MAC1K25P
1915,ATWWP001K24P,AT5X5K
1915,ATWWP001K24P,SE500G24P
1915,ATWWP001K24P,SE200G24P
1915,ATWWP001K24P,MAPA1K24P
1915,ATWWP001K24P,MAC1K25P
1915,AT5X5K,SE500G24P
1915,AT5X5K,SE200G24P
1915,AT5X5K,MAPA1K24P
1915,AT5X5K,MAC1K25P
1915,SE500G24P,SE200G24P
1915,SE500G24P,MAPA1K24P
1915,SE500G24P,MAC1K25P
1915,SE200G24P,MAPA1K24P
1915,SE200G24P,MAC1K25P
1915,MAPA1K24P,MAC1K25P
1916,ATN01K24P,SE500G24P
1916,ATN01K24P,AT5X5K
1916,ATN01K24P,ATN02K12P
1916,ATN01K24P,MAR01K24P
1916,SE500G24P,AT5X5K
1916,SE500G24P,ATN02K12P
1916,SE500G24P,MAR01K24P
1916,AT5X5K,ATN02K12P
1916,AT5X5K,MAR01K24P
1916,ATN02K12P,MAR01K24P
1917,ATN01K24P,ATWWP001K24P
1917,ATN01K24P,SE500G24P
1917,ATN01K24P,MAR01K24P
1917,ATN01K24P,AT5X5K
1917,ATN01K24P,ATN02K12P
1917,ATWWP001K24P,SE500G24P
1917,ATWWP001K24P,MAR01K24P
1917,ATWWP001K24P,AT5X5K
1917,ATWWP001K24P,ATN02K12P
1917,SE500G24P,MAR01K24P
1917,SE500G24P,AT5X5K
1917,SE500G24P,ATN02K12P
1917,MAR01K24P,AT5X5K
1917,MAR01K24P,ATN02K12P
1917,AT5X5K,ATN02K12P
1918,ATN01K24P,MAR01K24P
1918,ATN01K24P,ATN02K12P
1918,ATN01K24P,SE500G24P
1918,ATN01K24P,ATWWP001K24P
1918,ATN01K24P,AT5X5K
1918,ATN01K24P,SE200G24P
1918,MAR01K24P,ATN02K12P
1918,MAR01K24P,SE500G24P
1918,MAR01K24P,ATWWP001K24P
1918,MAR01K24P,AT5X5K
1918,MAR01K24P,SE200G24P
1918,ATN02K12P,SE500G24P
1918,ATN02K12P,ATWWP001K24P
1918,ATN02K12P,AT5X5K
1918,ATN02K12P,SE200G24P
1918,SE500G24P,ATWWP001K24P
1918,SE500G24P,AT5X5K
1918,SE500G24P,SE200G24P
1918,ATWWP001K24P,AT5X5K
1918,ATWWP001K24P,SE200G24P
1918,AT5X5K,SE200G24P
1919,ATN01K24P,MAR01K24P
1919,ATN01K24P,SE500G24P
1919,ATN01K24P,SE200G24P
1919,ATN01K24P,MAHS025K
1919,ATN01K24P,AT5X5K
1919,ATN01K24P,MASR025K
1919,MAR01K24P,SE500G24P
1919,MAR01K24P,SE200G24P
1919,MAR01K24P,MAHS025K
1919,MAR01K24P,AT5X5K
1919,MAR01K24P,MASR025K
1919,SE500G24P,SE200G24P
1919,SE500G24P,MAHS025K
1919,SE500G24P,AT5X5K
1919,SE500G24P,MASR025K
1919,SE200G24P,MAHS025K
1919,SE200G24P,AT5X5K
1919,SE200G24P,MASR025K
1919,MAHS025K,AT5X5K
1919,MAHS025K,MASR025K
1919,AT5X5K,MASR025K
1920,ATN01K24P,SE500G24P
1920,ATN01K24P,MAR01K24P
1920,ATN01K24P,SE200G24P
1920,ATN01K24P,ATWWP001K24P
1920,ATN01K24P,AT5X5K
1920,ATN01K24P,ATN02K12P
1920,ATN01K24P,MASR025K
1920,ATN01K24P,MAHS025K
1920,ATN01K24P,ATWWP002K12P
1920,ATN01K24P,ATPPCH5X5K
1920,ATN01K24P,EEA500G12P
1920,ATN01K24P,EEA200G24P
1920,SE500G24P,MAR01K24P
1920,SE500G24P,SE200G24P
1920,SE500G24P,ATWWP001K24P
1920,SE500G24P,AT5X5K
1920,SE500G24P,ATN02K12P
1920,SE500G24P,MASR025K
1920,SE500G24P,MAHS025K
1920,SE500G24P,ATWWP002K12P
1920,SE500G24P,ATPPCH5X5K
1920,SE500G24P,EEA500G12P
1920,SE500G24P,EEA200G24P
1920,MAR01K24P,SE200G24P
1920,MAR01K24P,ATWWP001K24P
1920,MAR01K24P,AT5X5K
1920,MAR01K24P,ATN02K12P
1920,MAR01K24P,MASR025K
1920,MAR01K24P,MAHS025K
1920,MAR01K24P,ATWWP002K12P
1920,MAR01K24P,ATPPCH5X5K
1920,MAR01K24P,EEA500G12P
1920,MAR01K24P,EEA200G24P
1920,SE200G24P,ATWWP001K24P
1920,SE200G24P,AT5X5K
1920,SE200G24P,ATN02K12P
1920,SE200G24P,MASR025K
1920,SE200G24P,MAHS025K
1920,SE200G24P,ATWWP002K12P
1920,SE200G24P,ATPPCH5X5K
1920,SE200G24P,EEA500G12P
1920,SE200G24P,EEA200G24P
1920,ATWWP001K24P,AT5X5K
1920,ATWWP001K24P,ATN02K12P
1920,ATWWP001K24P,MASR025K
1920,ATWWP001K24P,MAHS025K
1920,ATWWP001K24P,ATWWP002K12P
1920,ATWWP001K24P,ATPPCH5X5K
1920,ATWWP001K24P,EEA500G12P
1920,ATWWP001K24P,EEA200G24P
1920,AT5X5K,ATN02K12P
1920,AT5X5K,MASR025K
1920,AT5X5K,MAHS025K
1920,AT5X5K,ATWWP002K12P
1920,AT5X5K,ATPPCH5X5K
1920,AT5X5K,EEA500G12P
1920,AT5X5K,EEA200G24P
1920,ATN02K12P,MASR025K
1920,ATN02K12P,MAHS025K
1920,ATN02K12P,ATWWP002K12P
1920,ATN02K12P,ATPPCH5X5K
1920,ATN02K12P,EEA500G12P
1920,ATN02K12P,EEA200G24P
1920,MASR025K,MAHS025K
1920,MASR025K,ATWWP002K12P
1920,MASR025K,ATPPCH5X5K
1920,MASR025K,EEA500G12P
1920,MASR025K,EEA200G24P
1920,MAHS025K,ATWWP002K12P
1920,MAHS025K,ATPPCH5X5K
1920,MAHS025K,EEA500G12P
1920,MAHS025K,EEA200G24P
1920,ATWWP002K12P,ATPPCH5X5K
1920,ATWWP002K12P,EEA500G12P
1920,ATWWP002K12P,EEA200G24P
1920,ATPPCH5X5K,EEA500G12P
1920,ATPPCH5X5K,EEA200G24P
1920,EEA500G12P,EEA200G24P
1921,AT5X5K,ATN01K24P
1921,AT5X5K,SE500G24P
1921,AT5X5K,ATN02K12P
1921,AT5X5K,MAR01K24P
1921,AT5X5K,ATWWP001K24P
1921,ATN01K24P,SE500G24P
1921,ATN01K24P,ATN02K12P
1921,ATN01K24P,MAR01K24P
1921,ATN01K24P,ATWWP001K24P
1921,SE500G24P,ATN02K12P
1921,SE500G24P,MAR01K24P
1921,SE500G24P,ATWWP001K24P
1921,ATN02K12P,MAR01K24P
1921,ATN02K12P,ATWWP001K24P
1921,MAR01K24P,ATWWP001K24P
1922,ATN01K24P,AT5X5K
1922,ATN01K24P,SE500G24P
1922,ATN01K24P,ATN02K12P
1922,ATN01K24P,MAR01K24P
1922,ATN01K24P,MAHS025K
1922,AT5X5K,SE500G24P
1922,AT5X5K,ATN02K12P
1922,AT5X5K,MAR01K24P
1922,AT5X5K,MAHS025K
1922,SE500G24P,ATN02K12P
1922,SE500G24P,MAR01K24P
1922,SE500G24P,MAHS025K
1922,ATN02K12P,MAR01K24P
1922,ATN02K12P,MAHS025K
1922,MAR01K24P,MAHS025K
2103,SOS005L04P,SOS002L09P
2103,SOS005L04P,SOS003L04P
2103,SOS005L04P,SOS500M24P
2103,SOS005L04P,SOS001L12P
2103,SOS005L04P,POV001L24P
2103,SOS005L04P,POV500M24P
2103,SOS005L04P,SOS008L02P
2103,SOS005L04P,POP002L09P
2103,SOS005L04P,POP500M24P
2103,SOS005L04P,POV002L09P
2103,SOS005L04P,POV005L04P
2103,SOS005L04P,POP001L12P
2103,SOS005L04P,POP005L04P
2103,SOS005L04P,POPF01L12P
2103,SOS005L04P,SOP001L12P
2103,SOS002L09P,SOS003L04P
2103,SOS002L09P,SOS500M24P
2103,SOS002L09P,SOS001L12P
2103,SOS002L09P,POV001L24P
2103,SOS002L09P,POV500M24P
2103,SOS002L09P,SOS008L02P
2103,SOS002L09P,POP002L09P
2103,SOS002L09P,POP500M24P
2103,SOS002L09P,POV002L09P
2103,SOS002L09P,POV005L04P
2103,SOS002L09P,POP001L12P
2103,SOS002L09P,POP005L04P
2103,SOS002L09P,POPF01L12P
2103,SOS002L09P,SOP001L12P
2103,SOS003L04P,SOS500M24P
2103,SOS003L04P,SOS001L12P
2103,SOS003L04P,POV001L24P
2103,SOS003L04P,POV500M24P
2103,SOS003L04P,SOS008L02P
2103,SOS003L04P,POP002L09P
2103,SOS003L04P,POP500M24P
2103,SOS003L04P,POV002L09P
2103,SOS003L04P,POV005L04P
2103,SOS003L04P,POP001L12P
2103,SOS003L04P,POP005L04P
2103,SOS003L04P,POPF01L12P
2103,SOS003L04P,SOP001L12P
2103,SOS500M24P,SOS001L12P
2103,SOS500M24P,POV001L24P
2103,SOS500M24P,POV500M24P
2103,SOS500M24P,SOS008L02P
2103,SOS500M24P,POP002L09P
2103,SOS500M24P,POP500M24P
2103,SOS500M24P,POV002L09P
2103,SOS500M24P,POV005L04P
2103,SOS500M24P,POP001L12P
2103,SOS500M24P,POP005L04P
2103,SOS500M24P,POPF01L12P
2103,SOS500M24P,SOP001L12P
2103,SOS001L12P,POV001L24P
2103,SOS001L12P,POV500M24P
2103,SOS001L12P,SOS008L02P
2103,SOS001L12P,POP002L09P
2103,SOS001L12P,POP500M24P
2103,SOS001L12P,POV002L09P
2103,SOS001L12P,POV005L04P
2103,SOS001L12P,POP001L12P
2103,SOS001L12P,POP005L04P
2103,SOS001L12P,POPF01L12P
2103,SOS001L12P,SOP001L12P
2103,POV001L24P,POV500M24P
2103,POV001L24P,SOS008L02P
2103,POV001L24P,POP002L09P
2103,POV001L24P,POP500M24P
2103,POV001L24P,POV002L09P
2103,POV001L24P,POV005L04P
2103,POV001L24P,POP001L12P
2103,POV001L24P,POP005L04P
2103,POV001L24P,POPF01L12P
2103,POV001L24P,SOP001L12P
2103,POV500M24P,SOS008L02P
2103,POV500M24P,POP002L09P
2103,POV500M24P,POP500M24P
2103,POV500M24P,POV002L09P
2103,POV500M24P,POV005L04P
2103,POV500M24P,POP001L12P
2103,POV500M24P,POP005L04P
2103,POV500M24P,POPF01L12P
2103,POV500M24P,SOP001L12P
2103,SOS008L02P,POP002L09P
2103,SOS008L02P,POP500M24P
2103,SOS008L02P,POV002L09P
2103,SOS008L02P,POV005L04P
2103,SOS008L02P,POP001L12P
2103,SOS008L02P,POP005L04P
2103,SOS008L02P,POPF01L12P
2103,SOS008L02P,SOP001L12P
2103,POP002L09P,POP500M24P
2103,POP002L09P,POV002L09P
2103,POP002L09P,POV005L04P
2103,POP002L09P,POP001L12P
2103,POP002L09P,POP005L04P
2103,POP002L09P,POPF01L12P
2103,POP002L09P,SOP001L12P
2103,POP500M24P,POV002L09P
2103,POP500M24P,POV005L04P
2103,POP500M24P,POP001L12P
2103,POP500M24P,POP005L04P
2103,POP500M24P,POPF01L12P
2103,POP500M24P,SOP001L12P
2103,POV002L09P,POV005L04P
2103,POV002L09P,POP001L12P
2103,POV002L09P,POP005L04P
2103,POV002L09P,POPF01L12P
2103,POV002L09P,SOP001L12P
2103,POV005L04P,POP001L12P
2103,POV005L04P,POP005L04P
2103,POV005L04P,POPF01L12P
2103,POV005L04P,SOP001L12P
2103,POP001L12P,POP005L04P
2103,POP001L12P,POPF01L12P
2103,POP001L12P,SOP001L12P
2103,POP005L04P,POPF01L12P
2103,POP005L04P,SOP001L12P
2103,POPF01L12P,SOP001L12P
2111,SOS001L12P,SOS500M24P
2111,SOS001L12P,SOS005L04P
2111,SOS001L12P,SOS002L09P
2111,SOS001L12P,SOS003L04P
2111,SOS001L12P,POP001L12P
2111,SOS001L12P,POP500M24P
2111,SOS001L12P,POV001L24P
2111,SOS001L12P,SOS008L02P
2111,SOS001L12P,POV002L09P
2111,SOS001L12P,SOS250M48P
2111,SOS001L12P,SOP001L12P
2111,SOS500M24P,SOS005L04P
2111,SOS500M24P,SOS002L09P
2111,SOS500M24P,SOS003L04P
2111,SOS500M24P,POP001L12P
2111,SOS500M24P,POP500M24P
2111,SOS500M24P,POV001L24P
2111,SOS500M24P,SOS008L02P
2111,SOS500M24P,POV002L09P
2111,SOS500M24P,SOS250M48P
2111,SOS500M24P,SOP001L12P
2111,SOS005L04P,SOS002L09P
2111,SOS005L04P,SOS003L04P
2111,SOS005L04P,POP001L12P
2111,SOS005L04P,POP500M24P
2111,SOS005L04P,POV001L24P
2111,SOS005L04P,SOS008L02P
2111,SOS005L04P,POV002L09P
2111,SOS005L04P,SOS250M48P
2111,SOS005L04P,SOP001L12P
2111,SOS002L09P,SOS003L04P
2111,SOS002L09P,POP001L12P
2111,SOS002L09P,POP500M24P
2111,SOS002L09P,POV001L24P
2111,SOS002L09P,SOS008L02P
2111,SOS002L09P,POV002L09P
2111,SOS002L09P,SOS250M48P
2111,SOS002L09P,SOP001L12P
2111,SOS003L04P,POP001L12P
2111,SOS003L04P,POP500M24P
2111,SOS003L04P,POV001L24P
2111,SOS003L04P,SOS008L02P
2111,SOS003L04P,POV002L09P
2111,SOS003L04P,SOS250M48P
2111,SOS003L04P,SOP001L12P
2111,POP001L12P,POP500M24P
2111,POP001L12P,POV001L24P
2111,POP001L12P,SOS008L02P
2111,POP001L12P,POV002L09P
2111,POP001L12P,SOS250M48P
2111,POP001L12P,SOP001L12P
2111,POP500M24P,POV001L24P
2111,POP500M24P,SOS008L02P
2111,POP500M24P,POV002L09P
2111,POP500M24P,SOS250M48P
2111,POP500M24P,SOP001L12P
2111,POV001L24P,SOS008L02P
2111,POV001L24P,POV002L09P
2111,POV001L24P,SOS250M48P
2111,POV001L24P,SOP001L12P
2111,SOS008L02P,POV002L09P
2111,SOS008L02P,SOS250M48P
2111,SOS008L02P,SOP001L12P
2111,POV002L09P,SOS250M48P
2111,POV002L09P,SOP001L12P
2111,SOS250M48P,SOP001L12P
2112,SOS005L04P,SOS001L12P
2112,SOS005L04P,SOS500M24P
2112,SOS005L04P,SOS002L09P
2112,SOS005L04P,POP001L12P
2112,SOS005L04P,POP500M24P
2112,SOS005L04P,POV500M24P
2112,SOS005L04P,SOS250M48P
2112,SOS005L04P,SOS003L04P
2112,SOS005L04P,POP002L09P
2112,SOS005L04P,SOS008L02P
2112,SOS005L04P,POV001L24P
2112,SOS005L04P,POV002L09P
2112,SOS005L04P,POV005L04P
2112,SOS005L04P,POP005L04P
2112,SOS001L12P,SOS500M24P
2112,SOS001L12P,SOS002L09P
2112,SOS001L12P,POP001L12P
2112,SOS001L12P,POP500M24P
2112,SOS001L12P,POV500M24P
2112,SOS001L12P,SOS250M48P
2112,SOS001L12P,SOS003L04P
2112,SOS001L12P,POP002L09P
2112,SOS001L12P,SOS008L02P
2112,SOS001L12P,POV001L24P
2112,SOS001L12P,POV002L09P
2112,SOS001L12P,POV005L04P
2112,SOS001L12P,POP005L04P
2112,SOS500M24P,SOS002L09P
2112,SOS500M24P,POP001L12P
2112,SOS500M24P,POP500M24P
2112,SOS500M24P,POV500M24P
2112,SOS500M24P,SOS250M48P
2112,SOS500M24P,SOS003L04P
2112,SOS500M24P,POP002L09P
2112,SOS500M24P,SOS008L02P
2112,SOS500M24P,POV001L24P
2112,SOS500M24P,POV002L09P
2112,SOS500M24P,POV005L04P
2112,SOS500M24P,POP005L04P
2112,SOS002L09P,POP001L12P
2112,SOS002L09P,POP500M24P
2112,SOS002L09P,POV500M24P
2112,SOS002L09P,SOS250M48P
2112,SOS002L09P,SOS003L04P
2112,SOS002L09P,POP002L09P
2112,SOS002L09P,SOS008L02P
2112,SOS002L09P,POV001L24P
2112,SOS002L09P,POV002L09P
2112,SOS002L09P,POV005L04P
2112,SOS002L09P,POP005L04P
2112,POP001L12P,POP500M24P
2112,POP001L12P,POV500M24P
2112,POP001L12P,SOS250M48P
2112,POP001L12P,SOS003L04P
2112,POP001L12P,POP002L09P
2112,POP001L12P,SOS008L02P
2112,POP001L12P,POV001L24P
2112,POP001L12P,POV002L09P
2112,POP001L12P,POV005L04P
2112,POP001L12P,POP005L04P
2112,POP500M24P,POV500M24P
2112,POP500M24P,SOS250M48P
2112,POP500M24P,SOS003L04P
2112,POP500M24P,POP002L09P
2112,POP500M24P,SOS008L02P
2112,POP500M24P,POV001L24P
2112,POP500M24P,POV002L09P
2112,POP500M24P,POV005L04P
2112,POP500M24P,POP005L04P
2112,POV500M24P,SOS250M48P
2112,POV500M24P,SOS003L04P
2112,POV500M24P,POP002L09P
2112,POV500M24P,SOS008L02P
2112,POV500M24P,POV001L24P
2112,POV500M24P,POV002L09P
2112,POV500M24P,POV005L04P
2112,POV500M24P,POP005L04P
2112,SOS250M48P,SOS003L04P
2112,SOS250M48P,POP002L09P
2112,SOS250M48P,SOS008L02P
2112,SOS250M48P,POV001L24P
2112,SOS250M48P,POV002L09P
2112,SOS250M48P,POV005L04P
2112,SOS250M48P,POP005L04P
2112,SOS003L04P,POP002L09P
2112,SOS003L04P,SOS008L02P
2112,SOS003L04P,POV001L24P
2112,SOS003L04P,POV002L09P
2112,SOS003L04P,POV005L04P
2112,SOS003L04P,POP005L04P
2112,POP002L09P,SOS008L02P
2112,POP002L09P,POV001L24P
2112,POP002L09P,POV002L09P
2112,POP002L09P,POV005L04P
2112,POP002L09P,POP005L04P
2112,SOS008L02P,POV001L24P
2112,SOS008L02P,POV002L09P
2112,SOS008L02P,POV005L04P
2112,SOS008L02P,POP005L04P
2112,POV001L24P,POV002L09P
2112,POV001L24P,POV005L04P
2112,POV001L24P,POP005L04P
2112,POV002L09P,POV005L04P
2112,POV002L09P,POP005L04P
2112,POV005L04P,POP005L04P
2114,SOS008L02P,SOS005L04P
2114,SOS008L02P,SOS500M24P
2114,SOS008L02P,POV001L24P
2114,SOS008L02P,SOS002L09P
2114,SOS008L02P,SOS001L12P
2114,SOS008L02P,SOS003L04P
2114,SOS008L02P,SOS250M48P
2114,SOS008L02P,POV500M24P
2114,SOS008L02P,POV002L09P
2114,SOS008L02P,POP001L12P
2114,SOS008L02P,POP500M24P
2114,SOS008L02P,POP005L04P
2114,SOS008L02P,POP002L09P
2114,SOS008L02P,POV005L04P
2114,SOS008L02P,SOP001L12P
2114,SOS008L02P,SO0500M24P
2114,SOS005L04P,SOS500M24P
2114,SOS005L04P,POV001L24P
2114,SOS005L04P,SOS002L09P
2114,SOS005L04P,SOS001L12P
2114,SOS005L04P,SOS003L04P
2114,SOS005L04P,SOS250M48P
2114,SOS005L04P,POV500M24P
2114,SOS005L04P,POV002L09P
2114,SOS005L04P,POP001L12P
2114,SOS005L04P,POP500M24P
2114,SOS005L04P,POP005L04P
2114,SOS005L04P,POP002L09P
2114,SOS005L04P,POV005L04P
2114,SOS005L04P,SOP001L12P
2114,SOS005L04P,SO0500M24P
2114,SOS500M24P,POV001L24P
2114,SOS500M24P,SOS002L09P
2114,SOS500M24P,SOS001L12P
2114,SOS500M24P,SOS003L04P
2114,SOS500M24P,SOS250M48P
2114,SOS500M24P,POV500M24P
2114,SOS500M24P,POV002L09P
2114,SOS500M24P,POP001L12P
2114,SOS500M24P,POP500M24P
2114,SOS500M24P,POP005L04P
2114,SOS500M24P,POP002L09P
2114,SOS500M24P,POV005L04P
2114,SOS500M24P,SOP001L12P
2114,SOS500M24P,SO0500M24P
2114,POV001L24P,SOS002L09P
2114,POV001L24P,SOS001L12P
2114,POV001L24P,SOS003L04P
2114,POV001L24P,SOS250M48P
2114,POV001L24P,POV500M24P
2114,POV001L24P,POV002L09P
2114,POV001L24P,POP001L12P
2114,POV001L24P,POP500M24P
2114,POV001L24P,POP005L04P
2114,POV001L24P,POP002L09P
2114,POV001L24P,POV005L04P
2114,POV001L24P,SOP001L12P
2114,POV001L24P,SO0500M24P
2114,SOS002L09P,SOS001L12P
2114,SOS002L09P,SOS003L04P
2114,SOS002L09P,SOS250M48P
2114,SOS002L09P,POV500M24P
2114,SOS002L09P,POV002L09P
2114,SOS002L09P,POP001L12P
2114,SOS002L09P,POP500M24P
2114,SOS002L09P,POP005L04P
2114,SOS002L09P,POP002L09P
2114,SOS002L09P,POV005L04P
2114,SOS002L09P,SOP001L12P
2114,SOS002L09P,SO0500M24P
2114,SOS001L12P,SOS003L04P
2114,SOS001L12P,SOS250M48P
2114,SOS001L12P,POV500M24P
2114,SOS001L12P,POV002L09P
2114,SOS001L12P,POP001L12P
2114,SOS001L12P,POP500M24P
2114,SOS001L12P,POP005L04P
2114,SOS001L12P,POP002L09P
2114,SOS001L12P,POV005L04P
2114,SOS001L12P,SOP001L12P
2114,SOS001L12P,SO0500M24P
2114,SOS003L04P,SOS250M48P
2114,SOS003L04P,POV500M24P
2114,SOS003L04P,POV002L09P
2114,SOS003L04P,POP001L12P
2114,SOS003L04P,POP500M24P
2114,SOS003L04P,POP005L04P
2114,SOS003L04P,POP002L09P
2114,SOS003L04P,POV005L04P
2114,SOS003L04P,SOP001L12P
2114,SOS003L04P,SO0500M24P
2114,SOS250M48P,POV500M24P
2114,SOS250M48P,POV002L09P
2114,SOS250M48P,POP001L12P
2114,SOS250M48P,POP500M24P
2114,SOS250M48P,POP005L04P
2114,SOS250M48P,POP002L09P
2114,SOS250M48P,POV005L04P
2114,SOS250M48P,SOP001L12P
2114,SOS250M48P,SO0500M24P
2114,POV500M24P,POV002L09P
2114,POV500M24P,POP001L12P
2114,POV500M24P,POP500M24P
2114,POV500M24P,POP005L04P
2114,POV500M24P,POP002L09P
2114,POV500M24P,POV005L04P
2114,POV500M24P,SOP001L12P
2114,POV500M24P,SO0500M24P
2114,POV002L09P,POP001L12P
2114,POV002L09P,POP500M24P
2114,POV002L09P,POP005L04P
2114,POV002L09P,POP002L09P
2114,POV002L09P,POV005L04P
2114,POV002L09P,SOP001L12P
2114,POV002L09P,SO0500M24P
2114,POP001L12P,POP500M24P
2114,POP001L12P,POP005L04P
2114,POP001L12P,POP002L09P
2114,POP001L12P,POV005L04P
2114,POP001L12P,SOP001L12P
2114,POP001L12P,SO0500M24P
2114,POP500M24P,POP005L04P
2114,POP500M24P,POP002L09P
2114,POP500M24P,POV005L04P
2114,POP500M24P,SOP001L12P
2114,POP500M24P,SO0500M24P
2114,POP005L04P,POP002L09P
2114,POP005L04P,POV005L04P
2114,POP005L04P,SOP001L12P
2114,POP005L04P,SO0500M24P
2114,POP002L09P,POV005L04P
2114,POP002L09P,SOP001L12P
2114,POP002L09P,SO0500M24P
2114,POV005L04P,SOP001L12P
2114,POV005L04P,SO0500M24P
2114,SOP001L12P,SO0500M24P
2115,SOS005L04P,SOS001L12P
2115,SOS005L04P,SOS500M24P
2115,SOS005L04P,POP005L04P
2115,SOS005L04P,POP001L12P
2115,SOS005L04P,POP500M24P
2115,SOS005L04P,SOS002L09P
2115,SOS005L04P,SOS003L04P
2115,SOS005L04P,POV005L04P
2115,SOS005L04P,POV001L24P
2115,SOS005L04P,POV500M24P
2115,SOS005L04P,SOS250M48P
2115,SOS005L04P,SOP001L12P
2115,SOS005L04P,POPF01L12P
2115,SOS005L04P,POV002L09P
2115,SOS005L04P,POP002L09P
2115,SOS005L04P,SOS008L02P
2115,SOS001L12P,SOS500M24P
2115,SOS001L12P,POP005L04P
2115,SOS001L12P,POP001L12P
2115,SOS001L12P,POP500M24P
2115,SOS001L12P,SOS002L09P
2115,SOS001L12P,SOS003L04P
2115,SOS001L12P,POV005L04P
2115,SOS001L12P,POV001L24P
2115,SOS001L12P,POV500M24P
2115,SOS001L12P,SOS250M48P
2115,SOS001L12P,SOP001L12P
2115,SOS001L12P,POPF01L12P
2115,SOS001L12P,POV002L09P
2115,SOS001L12P,POP002L09P
2115,SOS001L12P,SOS008L02P
2115,SOS500M24P,POP005L04P
2115,SOS500M24P,POP001L12P
2115,SOS500M24P,POP500M24P
2115,SOS500M24P,SOS002L09P
2115,SOS500M24P,SOS003L04P
2115,SOS500M24P,POV005L04P
2115,SOS500M24P,POV001L24P
2115,SOS500M24P,POV500M24P
2115,SOS500M24P,SOS250M48P
2115,SOS500M24P,SOP001L12P
2115,SOS500M24P,POPF01L12P
2115,SOS500M24P,POV002L09P
2115,SOS500M24P,POP002L09P
2115,SOS500M24P,SOS008L02P
2115,POP005L04P,POP001L12P
2115,POP005L04P,POP500M24P
2115,POP005L04P,SOS002L09P
2115,POP005L04P,SOS003L04P
2115,POP005L04P,POV005L04P
2115,POP005L04P,POV001L24P
2115,POP005L04P,POV500M24P
2115,POP005L04P,SOS250M48P
2115,POP005L04P,SOP001L12P
2115,POP005L04P,POPF01L12P
2115,POP005L04P,POV002L09P
2115,POP005L04P,POP002L09P
2115,POP005L04P,SOS008L02P
2115,POP001L12P,POP500M24P
2115,POP001L12P,SOS002L09P
2115,POP001L12P,SOS003L04P
2115,POP001L12P,POV005L04P
2115,POP001L12P,POV001L24P
2115,POP001L12P,POV500M24P
2115,POP001L12P,SOS250M48P
2115,POP001L12P,SOP001L12P
2115,POP001L12P,POPF01L12P
2115,POP001L12P,POV002L09P
2115,POP001L12P,POP002L09P
2115,POP001L12P,SOS008L02P
2115,POP500M24P,SOS002L09P
2115,POP500M24P,SOS003L04P
2115,POP500M24P,POV005L04P
2115,POP500M24P,POV001L24P
2115,POP500M24P,POV500M24P
2115,POP500M24P,SOS250M48P
2115,POP500M24P,SOP001L12P
2115,POP500M24P,POPF01L12P
2115,POP500M24P,POV002L09P
2115,POP500M24P,POP002L09P
2115,POP500M24P,SOS008L02P
2115,SOS002L09P,SOS003L04P
2115,SOS002L09P,POV005L04P
2115,SOS002L09P,POV001L24P
2115,SOS002L09P,POV500M24P
2115,SOS002L09P,SOS250M48P
2115,SOS002L09P,SOP001L12P
2115,SOS002L09P,POPF01L12P
2115,SOS002L09P,POV002L09P
2115,SOS002L09P,POP002L09P
2115,SOS002L09P,SOS008L02P
2115,SOS003L04P,POV005L04P
2115,SOS003L04P,POV001L24P
2115,SOS003L04P,POV500M24P
2115,SOS003L04P,SOS250M48P
2115,SOS003L04P,SOP001L12P
2115,SOS003L04P,POPF01L12P
2115,SOS003L04P,POV002L09P
2115,SOS003L04P,POP002L09P
2115,SOS003L04P,SOS008L02P
2115,POV005L04P,POV001L24P
2115,POV005L04P,POV500M24P
2115,POV005L04P,SOS250M48P
2115,POV005L04P,SOP001L12P
2115,POV005L04P,POPF01L12P
2115,POV005L04P,POV002L09P
2115,POV005L04P,POP002L09P
2115,POV005L04P,SOS008L02P
2115,POV001L24P,POV500M24P
2115,POV001L24P,SOS250M48P
2115,POV001L24P,SOP001L12P
2115,POV001L24P,POPF01L12P
2115,POV001L24P,POV002L09P
2115,POV001L24P,POP002L09P
2115,POV001L24P,SOS008L02P
2115,POV500M24P,SOS250M48P
2115,POV500M24P,SOP001L12P
2115,POV500M24P,POPF01L12P
2115,POV500M24P,POV002L09P
2115,POV500M24P,POP002L09P
2115,POV500M24P,SOS008L02P
2115,SOS250M48P,SOP001L12P
2115,SOS250M48P,POPF01L12P
2115,SOS250M48P,POV002L09P
2115,SOS250M48P,POP002L09P
2115,SOS250M48P,SOS008L02P
2115,SOP001L12P,POPF01L12P
2115,SOP001L12P,POV002L09P
2115,SOP001L12P,POP002L09P
2115,SOP001L12P,SOS008L02P
2115,POPF01L12P,POV002L09P
2115,POPF01L12P,POP002L09P
2115,POPF01L12P,SOS008L02P
2115,POV002L09P,POP002L09P
2115,POV002L09P,SOS008L02P
2115,POP002L09P,SOS008L02P
2116,SOS005L04P,SOS001L12P
2116,SOS005L04P,POP001L12P
2116,SOS005L04P,SOS003L04P
2116,SOS005L04P,POV005L04P
2116,SOS005L04P,POV500M24P
2116,SOS005L04P,POP500M24P
2116,SOS005L04P,SOS500M24P
2116,SOS005L04P,SOS002L09P
2116,SOS005L04P,POV002L09P
2116,SOS005L04P,POV001L24P
2116,SOS005L04P,POP002L09P
2116,SOS005L04P,POP005L04P
2116,SOS001L12P,POP001L12P
2116,SOS001L12P,SOS003L04P
2116,SOS001L12P,POV005L04P
2116,SOS001L12P,POV500M24P
2116,SOS001L12P,POP500M24P
2116,SOS001L12P,SOS500M24P
2116,SOS001L12P,SOS002L09P
2116,SOS001L12P,POV002L09P
2116,SOS001L12P,POV001L24P
2116,SOS001L12P,POP002L09P
2116,SOS001L12P,POP005L04P
2116,POP001L12P,SOS003L04P
2116,POP001L12P,POV005L04P
2116,POP001L12P,POV500M24P
2116,POP001L12P,POP500M24P
2116,POP001L12P,SOS500M24P
2116,POP001L12P,SOS002L09P
2116,POP001L12P,POV002L09P
2116,POP001L12P,POV001L24P
2116,POP001L12P,POP002L09P
2116,POP001L12P,POP005L04P
2116,SOS003L04P,POV005L04P
2116,SOS003L04P,POV500M24P
2116,SOS003L04P,POP500M24P
2116,SOS003L04P,SOS500M24P
2116,SOS003L04P,SOS002L09P
2116,SOS003L04P,POV002L09P
2116,SOS003L04P,POV001L24P
2116,SOS003L04P,POP002L09P
2116,SOS003L04P,POP005L04P
2116,POV005L04P,POV500M24P
2116,POV005L04P,POP500M24P
2116,POV005L04P,SOS500M24P
2116,POV005L04P,SOS002L09P
2116,POV005L04P,POV002L09P
2116,POV005L04P,POV001L24P
2116,POV005L04P,POP002L09P
2116,POV005L04P,POP005L04P
2116,POV500M24P,POP500M24P
2116,POV500M24P,SOS500M24P
2116,POV500M24P,SOS002L09P
2116,POV500M24P,POV002L09P
2116,POV500M24P,POV001L24P
2116,POV500M24P,POP002L09P
2116,POV500M24P,POP005L04P
2116,POP500M24P,SOS500M24P
2116,POP500M24P,SOS002L09P
2116,POP500M24P,POV002L09P
2116,POP500M24P,POV001L24P
2116,POP500M24P,POP002L09P
2116,POP500M24P,POP005L04P
2116,SOS500M24P,SOS002L09P
2116,SOS500M24P,POV002L09P
2116,SOS500M24P,POV001L24P
2116,SOS500M24P,POP002L09P
2116,SOS500M24P,POP005L04P
2116,SOS002L09P,POV002L09P
2116,SOS002L09P,POV001L24P
2116,SOS002L09P,POP002L09P
2116,SOS002L09P,POP005L04P
2116,POV002L09P,POV001L24P
2116,POV002L09P,POP002L09P
2116,POV002L09P,POP005L04P
2116,POV001L24P,POP002L09P
2116,POV001L24P,POP005L04P
2116,POP002L09P,POP005L04P
2117,SOS001L12P,SOS002L09P
2117,SOS001L12P,POP001L12P
2117,SOS001L12P,SOS005L04P
2117,SOS001L12P,SOS500M24P
2117,SOS001L12P,SOS250M48P
2117,SOS001L12P,POV500M24P
2117,SOS001L12P,POP500M24P
2117,SOS001L12P,SOS003L04P
2117,SOS001L12P,SOP001L12P
2117,SOS001L12P,POV001L24P
2117,SOS001L12P,POV005L04P
2117,SOS001L12P,POV002L09P
2117,SOS001L12P,POP005L04P
2117,SOS001L12P,POP002L09P
2117,SOS001L12P,SOS008L02P
2117,SOS002L09P,POP001L12P
2117,SOS002L09P,SOS005L04P
2117,SOS002L09P,SOS500M24P
2117,SOS002L09P,SOS250M48P
2117,SOS002L09P,POV500M24P
2117,SOS002L09P,POP500M24P
2117,SOS002L09P,SOS003L04P
2117,SOS002L09P,SOP001L12P
2117,SOS002L09P,POV001L24P
2117,SOS002L09P,POV005L04P
2117,SOS002L09P,POV002L09P
2117,SOS002L09P,POP005L04P
2117,SOS002L09P,POP002L09P
2117,SOS002L09P,SOS008L02P
2117,POP001L12P,SOS005L04P
2117,POP001L12P,SOS500M24P
2117,POP001L12P,SOS250M48P
2117,POP001L12P,POV500M24P
2117,POP001L12P,POP500M24P
2117,POP001L12P,SOS003L04P
2117,POP001L12P,SOP001L12P
2117,POP001L12P,POV001L24P
2117,POP001L12P,POV005L04P
2117,POP001L12P,POV002L09P
2117,POP001L12P,POP005L04P
2117,POP001L12P,POP002L09P
2117,POP001L12P,SOS008L02P
2117,SOS005L04P,SOS500M24P
2117,SOS005L04P,SOS250M48P
2117,SOS005L04P,POV500M24P
2117,SOS005L04P,POP500M24P
2117,SOS005L04P,SOS003L04P
2117,SOS005L04P,SOP001L12P
2117,SOS005L04P,POV001L24P
2117,SOS005L04P,POV005L04P
2117,SOS005L04P,POV002L09P
2117,SOS005L04P,POP005L04P
2117,SOS005L04P,POP002L09P
2117,SOS005L04P,SOS008L02P
2117,SOS500M24P,SOS250M48P
2117,SOS500M24P,POV500M24P
2117,SOS500M24P,POP500M24P
2117,SOS500M24P,SOS003L04P
2117,SOS500M24P,SOP001L12P
2117,SOS500M24P,POV001L24P
2117,SOS500M24P,POV005L04P
2117,SOS500M24P,POV002L09P
2117,SOS500M24P,POP005L04P
2117,SOS500M24P,POP002L09P
2117,SOS500M24P,SOS008L02P
2117,SOS250M48P,POV500M24P
2117,SOS250M48P,POP500M24P
2117,SOS250M48P,SOS003L04P
2117,SOS250M48P,SOP001L12P
2117,SOS250M48P,POV001L24P
2117,SOS250M48P,POV005L04P
2117,SOS250M48P,POV002L09P
2117,SOS250M48P,POP005L04P
2117,SOS250M48P,POP002L09P
2117,SOS250M48P,SOS008L02P
2117,POV500M24P,POP500M24P
2117,POV500M24P,SOS003L04P
2117,POV500M24P,SOP001L12P
2117,POV500M24P,POV001L24P
2117,POV500M24P,POV005L04P
2117,POV500M24P,POV002L09P
2117,POV500M24P,POP005L04P
2117,POV500M24P,POP002L09P
2117,POV500M24P,SOS008L02P
2117,POP500M24P,SOS003L04P
2117,POP500M24P,SOP001L12P
2117,POP500M24P,POV001L24P
2117,POP500M24P,POV005L04P
2117,POP500M24P,POV002L09P
2117,POP500M24P,POP005L04P
2117,POP500M24P,POP002L09P
2117,POP500M24P,SOS008L02P
2117,SOS003L04P,SOP001L12P
2117,SOS003L04P,POV001L24P
2117,SOS003L04P,POV005L04P
2117,SOS003L04P,POV002L09P
2117,SOS003L04P,POP005L04P
2117,SOS003L04P,POP002L09P
2117,SOS003L04P,SOS008L02P
2117,SOP001L12P,POV001L24P
2117,SOP001L12P,POV005L04P
2117,SOP001L12P,POV002L09P
2117,SOP001L12P,POP005L04P
2117,SOP001L12P,POP002L09P
2117,SOP001L12P,SOS008L02P
2117,POV001L24P,POV005L04P
2117,POV001L24P,POV002L09P
2117,POV001L24P,POP005L04P
2117,POV001L24P,POP002L09P
2117,POV001L24P,SOS008L02P
2117,POV005L04P,POV002L09P
2117,POV005L04P,POP005L04P
2117,POV005L04P,POP002L09P
2117,POV005L04P,SOS008L02P
2117,POV002L09P,POP005L04P
2117,POV002L09P,POP002L09P
2117,POV002L09P,SOS008L02P
2117,POP005L04P,POP002L09P
2117,POP005L04P,SOS008L02P
2117,POP002L09P,SOS008L02P
2118,POV001L24P,SOS002L09P
2118,POV001L24P,SOS005L04P
2118,POV001L24P,SOS001L12P
2118,POV001L24P,SOS500M24P
2118,POV001L24P,POP001L12P
2118,POV001L24P,POP500M24P
2118,POV001L24P,POPF01L12P
2118,POV001L24P,POP002L09P
2118,POV001L24P,SOS003L04P
2118,POV001L24P,POV500M24P
2118,POV001L24P,POV002L09P
2118,POV001L24P,POV005L04P
2118,SOS002L09P,SOS005L04P
2118,SOS002L09P,SOS001L12P
2118,SOS002L09P,SOS500M24P
2118,SOS002L09P,POP001L12P
2118,SOS002L09P,POP500M24P
2118,SOS002L09P,POPF01L12P
2118,SOS002L09P,POP002L09P
2118,SOS002L09P,SOS003L04P
2118,SOS002L09P,POV500M24P
2118,SOS002L09P,POV002L09P
2118,SOS002L09P,POV005L04P
2118,SOS005L04P,SOS001L12P
2118,SOS005L04P,SOS500M24P
2118,SOS005L04P,POP001L12P
2118,SOS005L04P,POP500M24P
2118,SOS005L04P,POPF01L12P
2118,SOS005L04P,POP002L09P
2118,SOS005L04P,SOS003L04P
2118,SOS005L04P,POV500M24P
2118,SOS005L04P,POV002L09P
2118,SOS005L04P,POV005L04P
2118,SOS001L12P,SOS500M24P
2118,SOS001L12P,POP001L12P
2118,SOS001L12P,POP500M24P
2118,SOS001L12P,POPF01L12P
2118,SOS001L12P,POP002L09P
2118,SOS001L12P,SOS003L04P
2118,SOS001L12P,POV500M24P
2118,SOS001L12P,POV002L09P
2118,SOS001L12P,POV005L04P
2118,SOS500M24P,POP001L12P
2118,SOS500M24P,POP500M24P
2118,SOS500M24P,POPF01L12P
2118,SOS500M24P,POP002L09P
2118,SOS500M24P,SOS003L04P
2118,SOS500M24P,POV500M24P
2118,SOS500M24P,POV002L09P
2118,SOS500M24P,POV005L04P
2118,POP001L12P,POP500M24P
2118,POP001L12P,POPF01L12P
2118,POP001L12P,POP002L09P
2118,POP001L12P,SOS003L04P
2118,POP001L12P,POV500M24P
2118,POP001L12P,POV002L09P
2118,POP001L12P,POV005L04P
2118,POP500M24P,POPF01L12P
2118,POP500M24P,POP002L09P
2118,POP500M24P,SOS003L04P
2118,POP500M24P,POV500M24P
2118,POP500M24P,POV002L09P
2118,POP500M24P,POV005L04P
2118,POPF01L12P,POP002L09P
2118,POPF01L12P,SOS003L04P
2118,POPF01L12P,POV500M24P
2118,POPF01L12P,POV002L09P
2118,POPF01L12P,POV005L04P
2118,POP002L09P,SOS003L04P
2118,POP002L09P,POV500M24P
2118,POP002L09P,POV002L09P
2118,POP002L09P,POV005L04P
2118,SOS003L04P,POV500M24P
2118,SOS003L04P,POV002L09P
2118,SOS003L04P,POV005L04P
2118,POV500M24P,POV002L09P
2118,POV500M24P,POV005L04P
2118,POV002L09P,POV005L04P
2119,SOS002L09P,SOS005L04P
2119,SOS002L09P,SOS001L12P
2119,SOS002L09P,SOS500M24P
2119,SOS002L09P,POP500M24P
2119,SOS002L09P,POV001L24P
2119,SOS002L09P,SOS250M48P
2119,SOS002L09P,SOS008L02P
2119,SOS002L09P,SOS003L04P
2119,SOS002L09P,POP001L12P
2119,SOS002L09P,POV002L09P
2119,SOS002L09P,POV500M24P
2119,SOS002L09P,POV005L04P
2119,SOS002L09P,POP002L09P
2119,SOS002L09P,SO0005L04P
2119,SOS002L09P,SO0002L09P
2119,SOS002L09P,SO0001L12P
2119,SOS005L04P,SOS001L12P
2119,SOS005L04P,SOS500M24P
2119,SOS005L04P,POP500M24P
2119,SOS005L04P,POV001L24P
2119,SOS005L04P,SOS250M48P
2119,SOS005L04P,SOS008L02P
2119,SOS005L04P,SOS003L04P
2119,SOS005L04P,POP001L12P
2119,SOS005L04P,POV002L09P
2119,SOS005L04P,POV500M24P
2119,SOS005L04P,POV005L04P
2119,SOS005L04P,POP002L09P
2119,SOS005L04P,SO0005L04P
2119,SOS005L04P,SO0002L09P
2119,SOS005L04P,SO0001L12P
2119,SOS001L12P,SOS500M24P
2119,SOS001L12P,POP500M24P
2119,SOS001L12P,POV001L24P
2119,SOS001L12P,SOS250M48P
2119,SOS001L12P,SOS008L02P
2119,SOS001L12P,SOS003L04P
2119,SOS001L12P,POP001L12P
2119,SOS001L12P,POV002L09P
2119,SOS001L12P,POV500M24P
2119,SOS001L12P,POV005L04P
2119,SOS001L12P,POP002L09P
2119,SOS001L12P,SO0005L04P
2119,SOS001L12P,SO0002L09P
2119,SOS001L12P,SO0001L12P
2119,SOS500M24P,POP500M24P
2119,SOS500M24P,POV001L24P
2119,SOS500M24P,SOS250M48P
2119,SOS500M24P,SOS008L02P
2119,SOS500M24P,SOS003L04P
2119,SOS500M24P,POP001L12P
2119,SOS500M24P,POV002L09P
2119,SOS500M24P,POV500M24P
2119,SOS500M24P,POV005L04P
2119,SOS500M24P,POP002L09P
2119,SOS500M24P,SO0005L04P
2119,SOS500M24P,SO0002L09P
2119,SOS500M24P,SO0001L12P
2119,POP500M24P,POV001L24P
2119,POP500M24P,SOS250M48P
2119,POP500M24P,SOS008L02P
2119,POP500M24P,SOS003L04P
2119,POP500M24P,POP001L12P
2119,POP500M24P,POV002L09P
2119,POP500M24P,POV500M24P
2119,POP500M24P,POV005L04P
2119,POP500M24P,POP002L09P
2119,POP500M24P,SO0005L04P
2119,POP500M24P,SO0002L09P
2119,POP500M24P,SO0001L12P
2119,POV001L24P,SOS250M48P
2119,POV001L24P,SOS008L02P
2119,POV001L24P,SOS003L04P
2119,POV001L24P,POP001L12P
2119,POV001L24P,POV002L09P
2119,POV001L24P,POV500M24P
2119,POV001L24P,POV005L04P
2119,POV001L24P,POP002L09P
2119,POV001L24P,SO0005L04P
2119,POV001L24P,SO0002L09P
2119,POV001L24P,SO0001L12P
2119,SOS250M48P,SOS008L02P
2119,SOS250M48P,SOS003L04P
2119,SOS250M48P,POP001L12P
2119,SOS250M48P,POV002L09P
2119,SOS250M48P,POV500M24P
2119,SOS250M48P,POV005L04P
2119,SOS250M48P,POP002L09P
2119,SOS250M48P,SO0005L04P
2119,SOS250M48P,SO0002L09P
2119,SOS250M48P,SO0001L12P
2119,SOS008L02P,SOS003L04P
2119,SOS008L02P,POP001L12P
2119,SOS008L02P,POV002L09P
2119,SOS008L02P,POV500M24P
2119,SOS008L02P,POV005L04P
2119,SOS008L02P,POP002L09P
2119,SOS008L02P,SO0005L04P
2119,SOS008L02P,SO0002L09P
2119,SOS008L02P,SO0001L12P
2119,SOS003L04P,POP001L12P
2119,SOS003L04P,POV002L09P
2119,SOS003L04P,POV500M24P
2119,SOS003L04P,POV005L04P
2119,SOS003L04P,POP002L09P
2119,SOS003L04P,SO0005L04P
2119,SOS003L04P,SO0002L09P
2119,SOS003L04P,SO0001L12P
2119,POP001L12P,POV002L09P
2119,POP001L12P,POV500M24P
2119,POP001L12P,POV005L04P
2119,POP001L12P,POP002L09P
2119,POP001L12P,SO0005L04P
2119,POP001L12P,SO0002L09P
2119,POP001L12P,SO0001L12P
2119,POV002L09P,POV500M24P
2119,POV002L09P,POV005L04P
2119,POV002L09P,POP002L09P
2119,POV002L09P,SO0005L04P
2119,POV002L09P,SO0002L09P
2119,POV002L09P,SO0001L12P
2119,POV500M24P,POV005L04P
2119,POV500M24P,POP002L09P
2119,POV500M24P,SO0005L04P
2119,POV500M24P,SO0002L09P
2119,POV500M24P,SO0001L12P
2119,POV005L04P,POP002L09P
2119,POV005L04P,SO0005L04P
2119,POV005L04P,SO0002L09P
2119,POV005L04P,SO0001L12P
2119,POP002L09P,SO0005L04P
2119,POP002L09P,SO0002L09P
2119,POP002L09P,SO0001L12P
2119,SO0005L04P,SO0002L09P
2119,SO0005L04P,SO0001L12P
2119,SO0002L09P,SO0001L12P
2120,POV002L09P,SOS001L12P
2120,POV002L09P,POP002L09P
2120,POV002L09P,POP001L12P
2120,POV002L09P,POV001L24P
2120,POV002L09P,SOS005L04P
2120,POV002L09P,POP500M24P
2120,POV002L09P,SOS008L02P
2120,POV002L09P,POV500M24P
2120,POV002L09P,SOS002L09P
2120,POV002L09P,SOS250M48P
2120,POV002L09P,SOS500M24P
2120,POV002L09P,SOS003L04P
2120,POV002L09P,POV005L04P
2120,POV002L09P,POP005L04P
2120,POV002L09P,POP015K
2120,POV002L09P,EEA500G12P
2120,POV002L09P,EEA200G24P
2120,SOS001L12P,POP002L09P
2120,SOS001L12P,POP001L12P
2120,SOS001L12P,POV001L24P
2120,SOS001L12P,SOS005L04P
2120,SOS001L12P,POP500M24P
2120,SOS001L12P,SOS008L02P
2120,SOS001L12P,POV500M24P
2120,SOS001L12P,SOS002L09P
2120,SOS001L12P,SOS250M48P
2120,SOS001L12P,SOS500M24P
2120,SOS001L12P,SOS003L04P
2120,SOS001L12P,POV005L04P
2120,SOS001L12P,POP005L04P
2120,SOS001L12P,POP015K
2120,SOS001L12P,EEA500G12P
2120,SOS001L12P,EEA200G24P
2120,POP002L09P,POP001L12P
2120,POP002L09P,POV001L24P
2120,POP002L09P,SOS005L04P
2120,POP002L09P,POP500M24P
2120,POP002L09P,SOS008L02P
2120,POP002L09P,POV500M24P
2120,POP002L09P,SOS002L09P
2120,POP002L09P,SOS250M48P
2120,POP002L09P,SOS500M24P
2120,POP002L09P,SOS003L04P
2120,POP002L09P,POV005L04P
2120,POP002L09P,POP005L04P
2120,POP002L09P,POP015K
2120,POP002L09P,EEA500G12P
2120,POP002L09P,EEA200G24P
2120,POP001L12P,POV001L24P
2120,POP001L12P,SOS005L04P
2120,POP001L12P,POP500M24P
2120,POP001L12P,SOS008L02P
2120,POP001L12P,POV500M24P
2120,POP001L12P,SOS002L09P
2120,POP001L12P,SOS250M48P
2120,POP001L12P,SOS500M24P
2120,POP001L12P,SOS003L04P
2120,POP001L12P,POV005L04P
2120,POP001L12P,POP005L04P
2120,POP001L12P,POP015K
2120,POP001L12P,EEA500G12P
2120,POP001L12P,EEA200G24P
2120,POV001L24P,SOS005L04P
2120,POV001L24P,POP500M24P
2120,POV001L24P,SOS008L02P
2120,POV001L24P,POV500M24P
2120,POV001L24P,SOS002L09P
2120,POV001L24P,SOS250M48P
2120,POV001L24P,SOS500M24P
2120,POV001L24P,SOS003L04P
2120,POV001L24P,POV005L04P
2120,POV001L24P,POP005L04P
2120,POV001L24P,POP015K
2120,POV001L24P,EEA500G12P
2120,POV001L24P,EEA200G24P
2120,SOS005L04P,POP500M24P
2120,SOS005L04P,SOS008L02P
2120,SOS005L04P,POV500M24P
2120,SOS005L04P,SOS002L09P
2120,SOS005L04P,SOS250M48P
2120,SOS005L04P,SOS500M24P
2120,SOS005L04P,SOS003L04P
2120,SOS005L04P,POV005L04P
2120,SOS005L04P,POP005L04P
2120,SOS005L04P,POP015K
2120,SOS005L04P,EEA500G12P
2120,SOS005L04P,EEA200G24P
2120,POP500M24P,SOS008L02P
2120,POP500M24P,POV500M24P
2120,POP500M24P,SOS002L09P
2120,POP500M24P,SOS250M48P
2120,POP500M24P,SOS500M24P
2120,POP500M24P,SOS003L04P
2120,POP500M24P,POV005L04P
2120,POP500M24P,POP005L04P
2120,POP500M24P,POP015K
2120,POP500M24P,EEA500G12P
2120,POP500M24P,EEA200G24P
2120,SOS008L02P,POV500M24P
2120,SOS008L02P,SOS002L09P
2120,SOS008L02P,SOS250M48P
2120,SOS008L02P,SOS500M24P
2120,SOS008L02P,SOS003L04P
2120,SOS008L02P,POV005L04P
2120,SOS008L02P,POP005L04P
2120,SOS008L02P,POP015K
2120,SOS008L02P,EEA500G12P
2120,SOS008L02P,EEA200G24P
2120,POV500M24P,SOS002L09P
2120,POV500M24P,SOS250M48P
2120,POV500M24P,SOS500M24P
2120,POV500M24P,SOS003L04P
2120,POV500M24P,POV005L04P
2120,POV500M24P,POP005L04P
2120,POV500M24P,POP015K
2120,POV500M24P,EEA500G12P
2120,POV500M24P,EEA200G24P
2120,SOS002L09P,SOS250M48P
2120,SOS002L09P,SOS500M24P
2120,SOS002L09P,SOS003L04P
2120,SOS002L09P,POV005L04P
2120,SOS002L09P,POP005L04P
2120,SOS002L09P,POP015K
2120,SOS002L09P,EEA500G12P
2120,SOS002L09P,EEA200G24P
2120,SOS250M48P,SOS500M24P
2120,SOS250M48P,SOS003L04P
2120,SOS250M48P,POV005L04P
2120,SOS250M48P,POP005L04P
2120,SOS250M48P,POP015K
2120,SOS250M48P,EEA500G12P
2120,SOS250M48P,EEA200G24P
2120,SOS500M24P,SOS003L04P
2120,SOS500M24P,POV005L04P
2120,SOS500M24P,POP005L04P
2120,SOS500M24P,POP015K
2120,SOS500M24P,EEA500G12P
2120,SOS500M24P,EEA200G24P
2120,SOS003L04P,POV005L04P
2120,SOS003L04P,POP005L04P
2120,SOS003L04P,POP015K
2120,SOS003L04P,EEA500G12P
2120,SOS003L04P,EEA200G24P
2120,POV005L04P,POP005L04P
2120,POV005L04P,POP015K
2120,POV005L04P,EEA500G12P
2120,POV005L04P,EEA200G24P
2120,POP005L04P,POP015K
2120,POP005L04P,EEA500G12P
2120,POP005L04P,EEA200G24P
2120,POP015K,EEA500G12P
2120,POP015K,EEA200G24P
2120,EEA500G12P,EEA200G24P
2121,SOS005L04P,POPF01L12P
2121,SOS005L04P,POP005L04P
2121,SOS005L04P,POP002L09P
2121,SOS005L04P,POP001L12P
2121,SOS005L04P,SOS003L04P
2121,SOS005L04P,SOS001L12P
2121,SOS005L04P,SOS500M24P
2121,SOS005L04P,SOS002L09P
2121,SOS005L04P,POV500M24P
2121,SOS005L04P,SOP001L12P
2121,SOS005L04P,POV002L09P
2121,SOS005L04P,POV005L04P
2121,SOS005L04P,POV001L24P
2121,SOS005L04P,POP500M24P
2121,SOS005L04P,SOS008L02P
2121,POPF01L12P,POP005L04P
2121,POPF01L12P,POP002L09P
2121,POPF01L12P,POP001L12P
2121,POPF01L12P,SOS003L04P
2121,POPF01L12P,SOS001L12P
2121,POPF01L12P,SOS500M24P
2121,POPF01L12P,SOS002L09P
2121,POPF01L12P,POV500M24P
2121,POPF01L12P,SOP001L12P
2121,POPF01L12P,POV002L09P
2121,POPF01L12P,POV005L04P
2121,POPF01L12P,POV001L24P
2121,POPF01L12P,POP500M24P
2121,POPF01L12P,SOS008L02P
2121,POP005L04P,POP002L09P
2121,POP005L04P,POP001L12P
2121,POP005L04P,SOS003L04P
2121,POP005L04P,SOS001L12P
2121,POP005L04P,SOS500M24P
2121,POP005L04P,SOS002L09P
2121,POP005L04P,POV500M24P
2121,POP005L04P,SOP001L12P
2121,POP005L04P,POV002L09P
2121,POP005L04P,POV005L04P
2121,POP005L04P,POV001L24P
2121,POP005L04P,POP500M24P
2121,POP005L04P,SOS008L02P
2121,POP002L09P,POP001L12P
2121,POP002L09P,SOS003L04P
2121,POP002L09P,SOS001L12P
2121,POP002L09P,SOS500M24P
2121,POP002L09P,SOS002L09P
2121,POP002L09P,POV500M24P
2121,POP002L09P,SOP001L12P
2121,POP002L09P,POV002L09P
2121,POP002L09P,POV005L04P
2121,POP002L09P,POV001L24P
2121,POP002L09P,POP500M24P
2121,POP002L09P,SOS008L02P
2121,POP001L12P,SOS003L04P
2121,POP001L12P,SOS001L12P
2121,POP001L12P,SOS500M24P
2121,POP001L12P,SOS002L09P
2121,POP001L12P,POV500M24P
2121,POP001L12P,SOP001L12P
2121,POP001L12P,POV002L09P
2121,POP001L12P,POV005L04P
2121,POP001L12P,POV001L24P
2121,POP001L12P,POP500M24P
2121,POP001L12P,SOS008L02P
2121,SOS003L04P,SOS001L12P
2121,SOS003L04P,SOS500M24P
2121,SOS003L04P,SOS002L09P
2121,SOS003L04P,POV500M24P
2121,SOS003L04P,SOP001L12P
2121,SOS003L04P,POV002L09P
2121,SOS003L04P,POV005L04P
2121,SOS003L04P,POV001L24P
2121,SOS003L04P,POP500M24P
2121,SOS003L04P,SOS008L02P
2121,SOS001L12P,SOS500M24P
2121,SOS001L12P,SOS002L09P
2121,SOS001L12P,POV500M24P
2121,SOS001L12P,SOP001L12P
2121,SOS001L12P,POV002L09P
2121,SOS001L12P,POV005L04P
2121,SOS001L12P,POV001L24P
2121,SOS001L12P,POP500M24P
2121,SOS001L12P,SOS008L02P
2121,SOS500M24P,SOS002L09P
2121,SOS500M24P,POV500M24P
2121,SOS500M24P,SOP001L12P
2121,SOS500M24P,POV002L09P
2121,SOS500M24P,POV005L04P
2121,SOS500M24P,POV001L24P
2121,SOS500M24P,POP500M24P
2121,SOS500M24P,SOS008L02P
2121,SOS002L09P,POV500M24P
2121,SOS002L09P,SOP001L12P
2121,SOS002L09P,POV002L09P
2121,SOS002L09P,POV005L04P
2121,SOS002L09P,POV001L24P
2121,SOS002L09P,POP500M24P
2121,SOS002L09P,SOS008L02P
2121,POV500M24P,SOP001L12P
2121,POV500M24P,POV002L09P
2121,POV500M24P,POV005L04P
2121,POV500M24P,POV001L24P
2121,POV500M24P,POP500M24P
2121,POV500M24P,SOS008L02P
2121,SOP001L12P,POV002L09P
2121,SOP001L12P,POV005L04P
2121,SOP001L12P,POV001L24P
2121,SOP001L12P,POP500M24P
2121,SOP001L12P,SOS008L02P
2121,POV002L09P,POV005L04P
2121,POV002L09P,POV001L24P
2121,POV002L09P,POP500M24P
2121,POV002L09P,SOS008L02P
2121,POV005L04P,POV001L24P
2121,POV005L04P,POP500M24P
2121,POV005L04P,SOS008L02P
2121,POV001L24P,POP500M24P
2121,POV001L24P,SOS008L02P
2121,POP500M24P,SOS008L02P
2122,SOS002L09P,POV001L24P
2122,SOS002L09P,POV002L09P
2122,SOS002L09P,SOS005L04P
2122,SOS002L09P,SOS001L12P
2122,SOS002L09P,SOS500M24P
2122,SOS002L09P,POV500M24P
2122,SOS002L09P,SOS003L04P
2122,SOS002L09P,POP500M24P
2122,SOS002L09P,SOS008L02P
2122,SOS002L09P,POP002L09P
2122,SOS002L09P,POP001L12P
2122,POV001L24P,POV002L09P
2122,POV001L24P,SOS005L04P
2122,POV001L24P,SOS001L12P
2122,POV001L24P,SOS500M24P
2122,POV001L24P,POV500M24P
2122,POV001L24P,SOS003L04P
2122,POV001L24P,POP500M24P
2122,POV001L24P,SOS008L02P
2122,POV001L24P,POP002L09P
2122,POV001L24P,POP001L12P
2122,POV002L09P,SOS005L04P
2122,POV002L09P,SOS001L12P
2122,POV002L09P,SOS500M24P
2122,POV002L09P,POV500M24P
2122,POV002L09P,SOS003L04P
2122,POV002L09P,POP500M24P
2122,POV002L09P,SOS008L02P
2122,POV002L09P,POP002L09P
2122,POV002L09P,POP001L12P
2122,SOS005L04P,SOS001L12P
2122,SOS005L04P,SOS500M24P
2122,SOS005L04P,POV500M24P
2122,SOS005L04P,SOS003L04P
2122,SOS005L04P,POP500M24P
2122,SOS005L04P,SOS008L02P
2122,SOS005L04P,POP002L09P
2122,SOS005L04P,POP001L12P
2122,SOS001L12P,SOS500M24P
2122,SOS001L12P,POV500M24P
2122,SOS001L12P,SOS003L04P
2122,SOS001L12P,POP500M24P
2122,SOS001L12P,SOS008L02P
2122,SOS001L12P,POP002L09P
2122,SOS001L12P,POP001L12P
2122,SOS500M24P,POV500M24P
2122,SOS500M24P,SOS003L04P
2122,SOS500M24P,POP500M24P
2122,SOS500M24P,SOS008L02P
2122,SOS500M24P,POP002L09P
2122,SOS500M24P,POP001L12P
2122,POV500M24P,SOS003L04P
2122,POV500M24P,POP500M24P
2122,POV500M24P,SOS008L02P
2122,POV500M24P,POP002L09P
2122,POV500M24P,POP001L12P
2122,SOS003L04P,POP500M24P
2122,SOS003L04P,SOS008L02P
2122,SOS003L04P,POP002L09P
2122,SOS003L04P,POP001L12P
2122,POP500M24P,SOS008L02P
2122,POP500M24P,POP002L09P
2122,POP500M24P,POP001L12P
2122,SOS008L02P,POP002L09P
2122,SOS008L02P,POP001L12P
2122,POP002L09P,POP001L12P
