Date,SOS008L02P,SOS005L04P,SOS003L04P,SOS002L09P,SOS001L12P,SOS500M24P,SOS250M48P,SOP001L12P,POV005L04P,POV002L09P,POV001L24P,POV500M24P,POP001L12P,POP015K,SO0005L04P,SO0002L09P,SO0001L12P,SO0500M24P,POP005L04P,POP002L09P,POP001L12P.1,POP500M24P,POPF01L12P,AT5X5K,ATN02K12P,ATN01K24P,MAR02K12P,MAR01K24P,ATWWP002K12P,ATWWP001K24P,MASR025K,MAHS025K,SE500G24P,SE200G24P,ATPPCH5X5K,ATPA1K24P,MAPA1K24P,MAP1K25P,MAC1K25P,EEA500G12P,EEA200G24P
2023-01-01 00:00:00,14.83776,55.3472,0.0,33.68304000000001,44.33664000000001,11.07312,0.0,0.0,0.0,0.0,2.19492,2.2386,5.525519999999999,0,0,0,0,0,0.0,0.0,0.0,0.0,2.184,37.5,4.8,84.0,2.4,2.4,0.0,0.0,0.0,1.2,6.0,0.0,0,0,0,0.0,0.0,0,0
2023-01-02 00:00:00,14.92608,110.4,0.0,99.36,77.28,38.64,0.0,0.0,2.8028,4.9959,8.77968,6.58476,14.28336,0,0,0,0,0,2.73,1.65438,5.46,4.37892,1.24488,37.5,12.0,96.0,2.4,4.8,0.0,0.0,2.5,0.0,1.8,0.0,0,0,0,0.0,0.6,0,0
2023-01-03 00:00:00,0.0,73.8208,0.0,83.67768000000001,110.4,93.84000000000002,0.0,0.0,0.0,0.01638,7.65492,9.828,0.0,0,0,0,0,0,0.0,0.0,3.34152,3.276,0.0,50.0,0.0,0.0,0.0,28.8,0.0,0.0,0.0,0.0,1.8,0.0,0,0,0,0.0,0.0,0,0
2023-01-04 00:00:00,0.0,193.1448,22.23456,256.31568,117.22272,80.38224000000001,0.0,0.1104,0.0,11.58066,21.84,4.38984,13.19136,0,0,0,0,0,0.0,3.29238,8.736,2.2386,2.8392,50.0,40.8,72.0,0.0,33.6,0.0,0.0,0.125,0.0,0.6,0.0,0,0,0,0.0,0.0,0,0
2023-01-05 00:00:00,0.0,294.4,22.32288,264.96,167.32224,88.32000000000002,0.0,4.416,9.1,6.61752,14.196,9.84984,11.28036,0,0,0,0,0,1.82,1.67076,5.547359999999999,1.10292,0.58968,50.0,24.0,120.0,0.0,60.0,0.0,0.0,0.0,0.0,6.0,0.0,0,0,0,0.0,0.0,0,0
2023-01-06 00:00:00,0.0,103.4632,0.0,83.04840000000002,55.26624,17.69712,0.0,0.0,0.0,0.0,0.01092,3.39612,2.59896,0,0,0,0,0,0.0,0.0,0.01092,0.0,0.0,25.0,19.2,0.12,7.2,7.2,12.96,24.0,2.5,0.0,2.4,0.0,0,0,0,0.0,0.0,0,0
2023-01-07 00:00:00,0.0,147.2184,0.0,50.22648000000001,102.82656,26.23104,0.0,0.0,0.0,6.51924,0.0,10.99644,8.736,0,0,0,0,0,0.0,2.47338,0.0,3.34152,0.0,37.5,9.6,72.0,0.168,7.2,0.0,21.192,1.125,1.4,2.4,1.416,0,0,0,0.0,0.0,0,0
2023-01-08 00:00:00,0.0,184.0,22.1352,0.0,92.58144,0.0,20.07072,1.104,7.2982,0.0,13.12584,0.0,15.60468,0,0,0,0,0,1.82,0.0,4.41168,0.0,0.0,37.5,0.0,72.0,0.0,8.4,0.0,0.0,0.0,0.0,3.0,0.4896,0,0,0,0.0,0.096,0,0
2023-01-09 00:00:00,0.0,110.7128,22.23456,0.0,110.44416,0.0,32.83296,0.0,0.0,0.0,15.32076,0.0,5.94048,0,0,0,0,0,0.0,0.0,1.10292,0.0,0.0,37.5,24.0,144.0,12.0,19.2,0.0,10.392,2.85,0.0,0.9,0.312,0,0,0,0.0,0.0,0,0
2023-01-10 00:00:00,0.0,93.0488,20.07072,0.0,129.45504,39.21408,0.0,2.230080000000001,5.4782,0.0,0.0,16.38,16.38,0,0,0,0,0,0.0,0.0,0.0,0.0,0.0,50.0,28.8,121.2,7.2,60.0,0.0,0.0,12.75,5.0,3.81,0.0,0,0,0,0.0,0.0,0,0
2023-01-11 00:00:00,29.44,193.2368,28.21824,0.0,165.6,44.17104,0.0,1.104,10.9928,0.0,16.40184,16.4346,9.08544,0,0,0,0,0,1.82,0.0,6.65028,10.4286,5.38356,50.0,24.0,132.0,7.2,13.2,0.0,0.0,7.5,0.0,3.108,2.8704,0,0,0,0.0,0.0,0,0
2023-01-12 00:00:00,22.28608,227.2584,0.0,245.088,165.73248,93.84000000000002,0.0,0.0,0.0,0.0,21.91644,0.0,19.1646,0,0,0,0,0,0.0,0.0,10.93092,0.0,0.0,50.0,40.8,132.0,7.2,9.6,0.0,0.0,0.15,1.7,4.8,0.0,0,0,0,0.0,0.792,0,0
2023-01-13 00:00:00,0.0,129.2048,0.0,78.82560000000001,59.15232000000001,40.66032000000001,0.0,0.0,0.0,24.63552,8.7906,0.0,0.0,0,0,0,0,0,0.0,8.419319999999999,0.0,0.0,0.0,50.0,36.0,132.0,7.2,26.4,0.0,0.0,0.0,0.0,7.2,0.0,0,0,0,0.0,0.0,0,0
2023-01-14 00:00:00,0.0,119.6,0.0,132.48,132.48,32.31408,0.0,0.0,5.4964,0.0,0.0,13.1586,8.736,0,0,0,0,0,1.82,0.0,0.0,1.13568,0.02184,37.5,24.0,120.0,0.0,24.0,0.0,0.0,1.3,0.0,9.0,0.0,0,0,0,0.0,0.0,0,0
2023-01-15 00:00:00,19.19488,73.60000000000001,15.99696,198.72,131.34288,44.95488,0.02208,2.3184,0.0,0.0,0.0,0.0,10.65792,0,0,0,0,0,0.0,0.0,0.0,0.0,5.46,25.0,12.0,96.0,0.0,12.6,0.0,0.0,3.625,0.0,9.0,0.0,0,0,0,0.0,0.0,0,0
2023-01-16 00:00:00,0.0,110.492,22.7424,116.0856,126.96,60.1128,0.0,0.0,0.0,3.47256,7.13076,3.34152,15.288,0,0,0,0,0,0.0,0.0,1.10292,1.092,4.50996,17.5,12.0,60.0,0.0,2.88,0.0,0.0,7.5,3.75,9.0,0.0,0,0,0,0.0,0.0,0,0
2023-01-17 00:00:00,0.0,98.3112,27.61104,115.19136,88.32000000000002,27.62208,8.832,2.2632,5.5146,16.52742,32.77092,16.46736,11.0292,0,0,0,0,0,1.82,4.97952,10.92,3.28692,4.11684,25.0,0.0,48.0,0.0,20.4,0.0,0.0,12.5,0.0,8.4,0.0,0,0,0,2.4,0.0,0,0
2023-01-18 00:00:00,0.0,202.7864,33.62784000000001,135.22896,110.4,0.0552,40.85904,0.0,7.2982,8.38656,16.39092,0.0,7.87332,0,0,0,0,0,2.73,3.30876,10.92,0.0,7.3164,50.0,36.0,96.0,7.248,22.08,0.0,0.0,1.075,0.0,7.2,0.0288,0,0,0,0.0,0.0,0,0
2023-01-19 00:00:00,0.0,237.5992000000001,0.0,147.00312,143.54208,42.39360000000001,0.0552,2.230080000000001,0.0,0.0,0.0,0.03276,9.65328,0,0,0,0,0,0.0,0.0,0.0,0.0,3.0576,62.5,36.0,120.0,12.0,19.2,0.0,0.0,0.0,2.475,7.2,0.0,0,0,0,0.0,0.0,0,0
2023-01-20 00:00:00,0.04416,36.0088,22.11312,49.87872000000001,39.86544,24.98352,0.0,0.0,6.37,0.0,8.75784,13.13676,0.0,0,0,0,0,0,1.82,0.0,3.276,7.79688,3.9312,75.0,48.0,120.0,0.0,4.8,0.0,0.0,0.0,0.0,4.8,2.16,0,0,0,0.0,0.0,0,0
2023-01-21 00:00:00,29.46944,55.2368,0.0,49.72968000000001,77.31312000000001,44.17104,0.0,2.208,0.0,0.0,16.39092,8.736,0.0,0,0,0,0,0,0.0,0.0,4.54272,2.20584,4.57548,12.5,24.0,72.0,0.0,12.0,0.0,0.0,0.0,2.15,6.0,0.96,0,0,0,0.0,0.6,0,0
2023-01-22 00:00:00,15.1616,56.85600000000001,0.0,49.68000000000001,99.36,60.73104000000001,0.0,0.0,0.0,0.03276,10.92,5.46,10.96368,0,0,0,0,0,0.0,0.0,2.184,1.2012,1.22304,12.5,12.0,60.0,0.0,11.904,0.0,0.0,0.0,0.0,6.0,0.0,0,0,0,0.0,0.0,0,0
2023-01-23 00:00:00,14.72,56.1568,0.0,91.11312,77.45664,33.20832,0.0,0.0,0.0,1.90008,6.595680000000001,8.7906,10.95276,0,0,0,0,0,0.0,1.75266,1.10292,0.0,6.552,12.5,12.0,60.0,0.0,12.0,0.0,0.0,0.0,0.0,9.0,0.0,0,0,0,0.0,0.0,0,0
2023-01-24 00:00:00,14.7936,92.95680000000002,0.0,99.49248,77.47872,40.85904,0.0,8.87616,12.74,16.44552,5.514600000000001,12.07752,3.0576,0,0,0,0,0,3.64,1.13022,0.0,0.0,4.66284,12.5,0.0,48.0,7.2,12.0,0.0,0.0,0.0,0.0,6.0,0.0,0,0,0,0.0,0.0,0,0
2023-01-25 00:00:00,14.88192,147.3104,0.0,149.13936,110.43312,55.24416,0.0,0.0,3.64,0.0,27.31092,0.0,13.40976,0,0,0,0,0,5.46,0.0,0.0,0.0,1.365,50.0,24.0,96.0,16.8,36.0,0.0,0.0,11.0,1.475,3.0,0.0,0,0,0,0.0,0.0,0,0
2023-01-26 00:00:00,0.0,276.4968000000001,27.94224,149.05656,121.48416,49.80144,0.04416,9.64896,0.0,3.32514,5.525519999999999,8.834280000000001,9.282,0,0,0,0,0,0.0,4.97952,6.573840000000001,3.28692,0.73164,0.0,0.0,0.0,0.0,12.0,0.0,0.0,0.15,0.275,0.0,0.0,0,0,0,0.0,0.0,0,0
2023-01-27 00:00:00,0.0,0.0,0.0,40.02552000000001,51.81072,29.77488,0.0,0.0,0.0,0.0,8.76876,0.0,0.0,0,0,0,0,0,0.0,0.0,2.19492,0.0,0.0,0.0,9.312,60.0,0.0,13.08,0.0,0.0,0.0,3.75,3.6,0.0,0,0,0,0.0,0.0,0,0
2023-01-28 00:00:00,0.0,0.0,0.0,99.36,88.32000000000002,49.68000000000001,0.0,0.0,0.0,9.89352,0.0,0.0,5.46,0,0,0,0,0,0.0,1.68714,0.0,0.0,5.612880000000001,0.0,28.8,57.6,0.0,41.76,0.0,0.0,0.0,0.0,0.45,0.0,0,0,0,0.0,0.0,0,0
2023-01-29 00:00:00,0.0,147.8992,10.96272,115.92,110.4,55.24416,0.0,0.0,0.0,0.0,21.8946,17.49384,7.982519999999999,0,0,0,0,0,0.0,0.0,5.47092,4.41168,5.47092,37.5,28.8,72.0,0.0,0.0,0.048,0.0,0.0,0.45,3.0,1.584,0,0,0,0.0,0.0,0,0
2023-01-30 00:00:00,0.0,99.76480000000002,44.16000000000001,166.014,121.44,0.0,27.6,0.0,5.46,8.321039999999998,11.01828,0.0,10.45044,0,0,0,0,0,1.82,1.638,3.276,0.0,5.46,30.0,24.0,72.0,0.0,4.8,0.0,0.0,0.325,0.8,3.0,0.0,0,0,0,0.0,3.6,0,0
2023-01-31 00:00:00,7.404160000000001,225.9704,0.3312,110.96856,93.80688,44.24832000000001,0.01104,0.0,5.46,8.33742,13.13676,3.68004,13.7592,0,0,0,0,0,1.82,1.68714,3.3306,0.0,2.8938,30.0,19.2,72.0,0.0,12.0,0.0,0.0,5.0,0.15,5.4,0.0,0,0,0,0.0,0.0,0,0
2023-02-01 00:00:00,0.0,0.0,0.0,0.0,0.0,0.0,0.0,0.0,0.0,0.0,0.0,0.0,0.0,0,0,0,0,0,0.0,0.0,0.0,0.0,0.0,17.5,24.0,72.0,9.6,9.12,0.0,0.0,0.0,0.0,6.0,0.0815999999999999,0,0,0,0.0,0.0,0,0
2023-02-02 00:00:00,17.94368,210.4776,0.0,43.00632000000001,122.13552,44.66784000000001,0.0,0.0,7.28,8.19,38.2746,26.21892,34.22328,0,0,0,0,0,0.0,1.638,7.66584,5.569199999999999,5.514600000000001,50.0,36.0,144.0,0.0,10.68,0.0,0.0,2.5,0.0,3.0,0.96,0,0,0,0.0,0.0,0,0
2023-02-03 00:00:00,0.0,42.6328,0.0,23.05152,9.582720000000002,22.70928,0.0,0.0,10.9564,24.60276,16.39092,10.94184,4.160519999999999,0,0,0,0,0,0.0,8.20638,5.547359999999999,3.30876,0.0,50.0,24.0,108.0,0.24,24.36,0.0,0.0,1.75,1.25,3.0,0.0,0,0,0,0.0,0.0,0,0
2023-02-04 00:00:00,44.16,156.4368,0.0,86.06232000000001,99.38208,37.78992,0.0,0.0,0.0,0.0,0.0,5.46,10.94184,0,0,0,0,0,0.0,0.0,0.0,0.0,4.368,12.5,12.0,12.0,0.0,29.16,0.0,0.0,2.5,0.0,6.0,0.9552,0,0,0,0.0,1.032,0,0
2023-02-05 00:00:00,30.42624,193.2,22.08000000000001,51.33600000000001,70.33584,49.68000000000001,0.34224,1.4352,0.7644,11.51514,27.31092,22.04748,10.92,0,0,0,0,0,9.2092,6.699419999999999,10.93092,11.1384,5.72208,12.5,12.0,12.0,9.6,12.0,0.0,0.0,2.5,0.0,3.0,0.0,0,0,0,0.0,0.0,0,0
2023-02-06 00:00:00,0.0,109.0016,22.2456,114.99264,73.68096000000001,28.01952,0.0,0.0,0.0,6.601139999999999,27.04884,27.70404,11.55336,0,0,0,0,0,1.8928,3.32514,0.0,5.48184,5.48184,12.5,12.0,24.0,7.2,12.0,0.0,0.0,3.525,0.05,0.0,0.0,0,0,0,0.0,0.0,0,0
2023-02-07 00:00:00,0.0,252.54,22.09104,256.72968,181.68528,60.72000000000001,0.0,0.0,21.84,24.58638,1.10292,15.46272,0.96096,0,0,0,0,0,1.82,4.97952,10.06824,0.0,11.70624,0.0,0.0,96.0,0.0,9.12,0.0,0.0,5.025,2.5,4.8,0.96,0,0,0,0.0,0.0,0,0
2023-02-08 00:00:00,0.0,235.336,66.24,100.188,154.60416,52.31856000000001,0.0,4.0848,14.6692,8.2719,27.3,6.825,0.0,0,0,0,0,0,7.3164,4.97952,21.44688,0.0,7.17444,0.0,0.0,96.0,7.2,14.4,0.0,0.0,12.5,0.0,4.872,0.0144,0,0,0,0.0,0.0,0,0
2023-02-09 00:00:00,0.0,184.0,34.84224,99.37656,143.53104,66.29520000000001,0.0,0.0,0.0,0.0,27.14712,10.92,2.184,0,0,0,0,0,0.0,0.0,0.36036,10.94184,0.0,0.0,12.0,72.0,14.4,14.4,0.0,0.0,0.0,0.0,3.0,1.92,0,0,0,0.0,0.0,0,0
2023-02-10 00:00:00,0.0,228.988,0.0,57.96000000000001,66.47184000000001,44.2152,0.0,0.0,0.0,9.89352,22.52796,11.00736,4.368,0,0,0,0,0,0.0,3.37428,3.13404,4.13868,0.0,25.0,24.0,48.0,0.0,22.68,0.0,0.0,2.025,0.0,4.2,0.0,0,0,0,0.0,0.0,0,0
2023-02-11 00:00:00,0.0,92.0,0.0,49.8456,74.71872,62.0448,0.0,0.0,0.0,24.91398,21.84,5.46,9.828,0,0,0,0,0,0.0,8.222760000000001,7.9716,3.276,0.0,25.0,4.8,24.0,0.0,10.8,19.08,58.8,0.0,3.0,1.8,0.48,0,0,0,0.0,0.0,0,0
2023-02-12 00:00:00,0.0,184.1656,33.35184,107.64,143.52,59.40624,0.0,0.0,9.1,0.0,43.15584,16.45644,19.4376,0,0,0,0,0,0.0,0.0,0.0,5.47092,3.276,25.0,2.4,12.0,0.0,0.0,0.0,0.0,0.0,0.0,3.0,0.48,0,0,0,0.0,0.0,0,0
2023-02-13 00:00:00,29.44,184.4048,0.0,115.92,154.56,77.28,0.0,3.63216,5.4964,5.06142,32.23584,5.46,0.6552,0,0,0,0,0,0.0,0.0,0.07644,0.0,5.656560000000001,50.0,36.0,24.0,0.0,0.0,0.0,0.0,0.0,0.0,4.8,0.0048,0,0,0,0.0,0.0,0,0
2023-02-14 00:00:00,12.96832,184.7176,0.0,80.26632000000001,94.30368,0.0,21.73776,0.0,16.38,16.59294,32.76,32.77092,6.9888,0,0,0,0,0,0.0,1.638,0.0,6.61752,10.92,37.5,24.0,120.0,0.0,24.0,0.0,0.0,0.0,0.0,6.0,0.0,0,0,0,0.0,0.0,0,0
2023-02-15 00:00:00,11.56992,190.0904,0.0,109.84248,127.10352,0.0,47.79216,9.63792,18.2,16.38,32.76,0.0,8.2992,0,0,0,0,0,14.5964,13.1859,2.184,0.0,0.0,37.5,12.0,120.0,0.36,28.8,0.0,0.0,0.0,0.0,6.0,0.0,0,0,0,0.0,1.92,0,0
2023-02-16 00:00:00,31.23584,211.1216,0.0,72.59904,114.13152,57.2976,10.01328,0.0,12.7764,8.239139999999999,32.76,11.34588,21.84,0,0,0,0,0,0.0,0.0,10.99644,5.492760000000001,2.184,62.5,0.0,144.0,0.0,60.0,0.0,0.0,0.0,0.0,7.2,2.88,0,0,0,0.0,0.0,0,0
2023-02-17 00:00:00,11.30496,188.7104,7.628640000000001,119.71224,132.85536,55.23312,0.0,0.0,0.0,0.0,0.03276,10.55964,6.46464,0,0,0,0,0,0.0,0.0,9.48948,5.46,0.72072,62.5,24.0,144.0,2.4,48.0,0.0,0.0,7.5,1.25,6.0,0.0,0,0,0,0.0,0.0,0,0
2023-02-18 00:00:00,22.33024,202.5288,5.255040000000001,136.23912,108.05952,49.76832000000001,0.0,3.6432,0.0,25.09416,21.84,11.01828,7.327319999999999,0,0,0,0,0,0.0,8.222760000000001,10.92,0.0,0.0,25.0,24.0,72.0,0.0,0.0,0.0,0.0,4.9,0.0,12.0,0.0,0,0,0,0.0,0.0,0,0
2023-02-19 00:00:00,0.0,220.8,25.51344,208.62288,110.4,55.24416,0.0,4.250400000000001,0.0,0.0,27.03792,21.85092,1.71444,0,0,0,0,0,0.0,0.0,11.9028,6.70488,0.0,25.0,24.0,72.0,12.12,21.288,0.0,0.0,0.0,0.325,7.2,0.96,0,0,0,0.0,0.0,0,0
2023-02-20 00:00:00,0.0,220.8,28.11888,198.72,121.44,81.35376000000001,0.0,4.15104,0.0,0.0,52.02288,11.0838,0.0,0,0,0,0,0,0.0,0.0,0.0,3.28692,0.0,25.0,36.0,72.0,12.0,0.0,0.0,0.0,5.0,2.5,12.0,0.0,0,0,0,0.0,0.0,0,0
2023-02-21 00:00:00,0.0,185.38,0.0,210.0636,139.81056,97.7592,0.0,0.0,0.0,0.0,0.0,0.0,0.0,0,0,0,0,0,0.0,0.0,0.0,0.0,0.0,0.0,0.0,0.0,0.0,0.0,0.0,0.0,0.0,0.0,16.008,0.0,0,0,0,0.0,0.0,0,0
2023-02-22 00:00:00,0.0,206.2088,27.24672,165.6,106.84512,44.17104,0.0,0.0,5.46,13.21866,21.87276,22.01472,0.0,0,0,0,0,0,0.0,3.32514,0.0,0.0,15.96504,25.0,12.0,144.0,0.0,36.0,0.0,0.0,5.0,1.25,15.0,1.9296,0,0,0,0.0,0.0,0,0
2023-02-23 00:00:00,0.0,200.5232,48.44352000000001,71.96976000000001,115.13616,61.17264000000001,0.0,0.0,0.0,0.0,16.38,0.0,16.38,0,0,0,0,0,0.0,0.0,0.0,0.0,0.0,25.0,12.0,120.0,0.0,24.0,0.0,0.0,2.75,1.2,12.0,0.0,0,0,0,0.0,0.0,0,0
2023-02-24 00:00:00,0.0,216.3472,0.0,93.28248,105.20016,45.74976,0.0,0.0,0.0,0.0,0.0,0.0,5.6784,0,0,0,0,0,0.0,0.0,21.88368,0.0,0.0,37.5,12.0,120.0,0.0,11.712,0.0,0.0,0.0,0.0,18.0,1.2,0,0,0,0.0,0.0,0,0
2023-02-25 00:00:00,0.0,184.0,0.0,165.6,110.4,35.75856,0.0,4.581600000000001,12.7582,24.7338,10.93092,0.0,7.84056,0,0,0,0,0,0.0,4.946759999999999,22.01472,0.0,3.276,25.0,12.0,72.0,4.8,16.8,0.0,0.0,5.0,0.0,12.0,0.0,0,0,0,0.0,0.0,0,0
2023-02-26 00:00:00,0.0,233.1648,12.72912,72.6156,171.03168,33.14208,0.0,0.0,0.0,0.0,21.84,25.21428,16.38,0,0,0,0,0,0.0,0.0,10.98552,7.65492,5.46,25.0,15.48,96.0,4.8,12.0,0.0,0.0,7.1,0.0,15.0,0.0,0,0,0,0.0,0.0,0,0
2023-02-27 00:00:00,0.0,331.2,22.15728,132.87744,176.64,38.78352,0.0,0.0,0.0,0.0,11.22576,16.94784,16.82772,0,0,0,0,0,0.0,0.0,5.525519999999999,0.0,5.667479999999999,12.5,19.2,72.0,4.8,12.0,0.0,0.0,5.0,0.0,12.0,3.36,0,0,0,0.0,0.0,0,0
2023-02-28 00:00:00,0.0,158.4976,24.80688,66.35592000000001,83.25264000000001,33.12,0.0,0.0,0.0,6.601139999999999,17.5812,0.0,16.77312,0,0,0,0,0,0.0,3.30876,0.0,5.2416,0.0,0.0,21.6,0.0,0.0,0.0,0.0,0.0,0.0,0.0,0.0,0.0,0,0,0,0.0,0.0,0,0
2023-03-01 00:00:00,0.0,184.0,36.05664,66.24000000000001,110.4,35.29488000000001,0.03312,4.581600000000001,14.56,8.19,16.38,8.7906,13.18044,0,0,0,0,0,3.64,3.276,2.184,2.22768,3.31968,0.0,0.0,48.0,0.0,5.16,0.0,0.0,0.0,0.0,15.0,1.44,0,0,0,0.0,0.0,0,0
2023-03-02 00:00:00,44.16,347.0056,0.0,49.68000000000001,176.64,44.6016,0.0,0.6292800000000001,5.46,8.239139999999999,17.49384,10.92,17.13348,0,0,0,0,0,3.64,3.32514,4.5318,2.21676,3.4944,0.0,0.0,48.0,0.0,30.84,0.744,0.0,0.0,0.0,3.54,0.0,0,0,0,0.0,0.0,0,0
2023-03-03 00:00:00,0.26496,185.6744,0.0,71.55576,103.64352,39.10368,0.0,0.0,9.3184,22.45698,19.66692,17.23176,9.78432,0,0,0,0,0,0.0,3.29238,5.48184,5.48184,1.02648,0.0,12.0,120.0,0.144,14.4,0.0,0.0,5.0,1.25,0.33,0.0,0,0,0,0.0,0.0,0,0
2023-03-04 00:00:00,14.72,110.4368,0.0,49.68000000000001,99.39312,28.71504,0.0,0.0,6.188,0.0,21.91644,10.92,4.368,0,0,0,0,0,3.64,0.0,10.95276,5.50368,7.207199999999999,0.0,8.952,42.216,0.0,18.024,0.0,0.0,0.375,0.0,0.066,0.0,0,0,0,0.0,0.0,0,0
2023-03-05 00:00:00,25.9072,110.4736,0.0,69.38640000000001,127.74384,33.12,0.0,0.0,0.0,0.0,21.84,16.4892,8.98716,0,0,0,0,0,1.82,0.0,10.95276,10.93092,5.14332,0.0,0.0,0.0,0.0,0.0,0.0,0.0,0.0,0.375,6.6,0.0048,0,0,0,0.0,0.0,0,0
2023-03-06 00:00:00,14.72,240.764,0.0,49.94496000000001,107.49648,70.00464,0.0,0.0,0.0,11.48238,10.99644,0.0,0.0,0,0,0,0,0,0.0,4.93038,0.0,0.0,0.0,0.0,0.0,0.0,0.0,12.0,0.0,0.0,7.15,0.0,6.0,1.44,0,0,0,0.0,0.24,0,0
2023-03-07 00:00:00,15.72096,234.6552,0.0,53.55504000000001,154.49376,55.21104000000001,0.0,0.0,18.291,11.5479,10.92,18.6732,0.0,0,0,0,0,0,1.911,3.66912,10.92,5.46,0.0,10.0,12.0,60.0,12.0,60.0,0.0,0.0,0.0,0.0,6.0,0.48,0,0,0,0.0,0.0,0,0
2023-03-08 00:00:00,0.0,210.6064,0.0,91.19592000000002,102.0096,16.64832,0.0,3.70944,0.0,11.67894,10.96368,13.2132,0.0,0,0,0,0,0,0.0,0.0,11.00736,3.36336,0.0,0.0,0.0,0.0,0.0,0.0,0.0,0.0,4.525,0.0,0.0,0.0,0,0,0,0.0,0.0,0,0
2023-03-09 00:00:00,30.35264,189.152,0.0,83.56176,116.61552,39.42384000000001,0.0,3.37824,29.12,0.0,7.4802,10.92,14.44716,0,0,0,0,0,7.2982,0.03276,5.1324,7.982519999999999,0.0,18.125,12.0,72.0,9.744,28.8,0.0,0.0,0.0,5.0,3.0,0.0096,0,0,0,0.0,0.6,0,0
2023-03-10 00:00:00,0.0,202.5288,0.0,140.44536,119.22096,28.73712,0.0,0.0,0.0,18.06714,18.95712,0.0,7.17444,0,0,0,0,0,0.0,0.0,0.0,0.0,0.0,12.5,12.12,60.0,0.0,12.0,0.0,0.0,0.0,0.0,1.8,0.0,0,0,0,0.0,0.0,0,0
2023-03-11 00:00:00,0.0,214.3968,33.12,106.91136,96.55584000000002,37.75680000000001,0.0,0.0,0.0,0.0,21.85092,0.0,16.38,0,0,0,0,0,0.0,0.0,5.47092,0.0,0.0,0.0,12.048,24.0,0.0,19.2,0.0,0.0,2.825,0.0,3.0,0.0,0,0,0,0.0,0.0,0,0
2023-03-12 00:00:00,0.0,276.0000000000001,22.08000000000001,57.96000000000001,179.53248,50.09952000000001,0.0,3.312,21.84,16.51104,21.84,13.47528,15.97596,0,0,0,0,0,5.46,8.33742,10.93092,5.47092,3.84384,12.5,4.92,24.0,0.0,13.56,0.0,0.0,0.0,0.0,3.12,0.0,0,0,0,0.0,0.0,0,0
2023-03-13 00:00:00,0.0,331.2,33.41808,33.13656,118.5696,22.15728,0.0,3.312,0.0,24.61914,30.99096,12.012,0.0,0,0,0,0,0,0.0,8.222760000000001,31.13292,5.46,9.10728,0.0,7.488,25.44,7.248,0.0,0.0,0.0,0.0,0.0,0.0,1.44,0,0,0,0.0,0.0,0,0
2023-03-14 00:00:00,0.0,213.6792,33.21936,33.31872,186.26688,27.69936,0.0,7.032480000000001,27.3,31.71168,46.74852,32.76,12.59076,0,0,0,0,0,5.46,8.2719,0.0,5.47092,0.0,0.0,12.0,48.0,4.8,12.0,0.0,0.0,0.0,0.0,0.192,0.0,0,0,0,0.0,0.0,0,0
2023-03-15 00:00:00,0.0,272.2648,36.12288,173.44944,113.9328,42.57024000000001,0.0,3.742560000000001,17.1262,7.8624,61.49052,34.25604,3.30876,0,0,0,0,0,3.6582,4.97952,0.0,0.0,11.07288,12.5,7.2,50.4,0.0,31.2,0.0,0.0,2.5,0.0,7.2,0.0,0,0,0,0.0,0.0,0,0
2023-03-16 00:00:00,0.0,294.4,70.7664,290.47896,143.52,51.42432000000001,0.0,0.0,18.2,0.0,22.40784,9.30384,9.51132,0,0,0,0,0,3.731,0.0,11.31312,0.0,1.50696,12.5,14.4,48.0,4.776,26.16,0.0,0.0,0.0,12.5,4.2,0.0,0,0,0,0.0,0.0,0,0
2023-03-17 00:00:00,0.0,232.1712,37.9224,112.2768,128.34,66.24,0.0,0.0,0.0,0.0,30.42312,16.46736,7.54572,0,0,0,0,0,0.0,0.0,0.0,5.47092,0.0,7.5,9.6,60.0,4.8,12.0,0.0,0.0,0.0,5.0,4.2,0.0,0,0,0,0.0,0.0,0,0
2023-03-18 00:00:00,0.0,193.2184,44.46912,152.91504,93.88416,33.20832,0.0,0.0,14.56,24.60276,27.37644,21.46872,17.2536,0,0,0,0,0,0.0,6.68304,5.525519999999999,0.0,0.0,0.0,1.368,0.0,0.0,0.864,0.0,0.0,0.0,1.975,0.0,1.44,0,0,0,0.0,0.0,0,0
2023-03-19 00:00:00,0.0,276.8464,22.4664,238.59648,150.7512,44.23728000000001,0.0,0.0,0.0,0.0,32.76,21.85092,22.4952,0,0,0,0,0,0.0,0.0,10.92,5.50368,6.573840000000001,0.0,0.072,0.0,3.432,36.0,0.0,0.0,0.05,3.175,1.2,0.0,0,0,0,0.0,0.0,0,0
2023-03-20 00:00:00,29.82272,187.4776,0.0,219.12192,112.40928,22.1904,12.96096,0.0,12.74,0.0,60.10368,21.84,21.84,0,0,0,0,0,5.46,0.0,5.569199999999999,10.95276,4.40076,0.0,10.44,0.0,2.4,22.2,0.0,0.0,2.5,0.0,3.0,0.96,0,0,0,0.0,0.0,0,0
2023-03-21 00:00:00,73.6,202.5472,0.0,174.0456,160.11312,0.0,55.20000000000001,0.0,12.74,57.34638,36.78948,0.0,22.23312,0,0,0,0,0,5.46,8.2719,13.13676,0.0,3.276,0.0,12.0,24.6,4.8,0.0,0.0,0.0,1.75,0.0,1.2,0.0,0,0,0,0.0,0.0,0,0
2023-03-22 00:00:00,29.64608,232.0056,13.82208,177.80472,132.63456,48.23376,30.77952000000001,2.32944,3.64,15.57738,42.94836,0.0,30.59784,0,0,0,0,0,9.1,8.2719,10.92,0.0,3.58176,0.0,12.0,36.0,4.944,26.808,0.0,0.0,2.5,0.0,4.68,0.0,0,0,0,0.0,0.0,0,0
2023-03-23 00:00:00,0.0,304.5384,28.39488,211.91832,136.74144,90.57216,0.0,2.57232,23.66,24.57,36.87683999999999,32.80368,36.00324,0,0,0,0,0,4.004,8.19,10.93092,10.92,6.84684,0.0,12.0,48.0,0.288,24.24,0.0,0.0,0.0,1.0,3.0,0.0,0,0,0,0.0,1.68,0,0
2023-03-24 00:00:00,0.0,223.56,25.87776,26.01576,115.05888,57.62880000000001,0.0,0.0,36.4,49.10724,12.7218,25.2252,14.6328,0,0,0,0,0,0.0,8.321039999999998,11.04012,10.72344,0.0,17.5,12.0,60.0,0.0,9.6,0.0,0.0,0.0,0.0,3.0,0.0,0,0,0,0.0,0.0,0,0
2023-03-25 00:00:00,0.0,184.0,34.06944,55.37664000000001,105.89568,50.60736000000001,0.0,5.520000000000001,0.0,11.53152,0.0,27.3,16.66392,0,0,0,0,0,0.0,0.0,0.0,0.0,5.46,12.5,0.0,60.0,0.0,9.6,0.0,0.0,2.5,5.5,0.0,0.96,0,0,0,0.36,0.0,0,0
2023-03-26 00:00:00,0.0,84.69520000000001,0.0,83.66112000000001,117.23376,71.82624,0.0,0.0,0.0,0.0,27.36552,15.02592,16.06332,0,0,0,0,0,0.0,0.0,5.50368,0.0,0.0,0.0,0.0,0.0,0.0,0.0,0.0,0.0,0.0,0.0,0.0,0.0,0,0,0,0.0,0.0,0,0
2023-03-27 00:00:00,0.0,165.6,0.0,69.88320000000002,73.40496,33.12,0.0,0.0,0.0,0.0,8.63772,7.644,32.76,0,0,0,0,0,0.0,0.0,5.47092,3.3306,0.0,0.0,0.0,12.048,0.0,11.136,0.0,0.0,0.0,0.0,1.32,0.24,0,0,0,0.0,0.0,0,0
2023-03-28 00:00:00,0.0,240.7456,27.6,116.8308,141.23472,104.88,0.0,0.0,54.6,0.0,43.69092,10.92,43.88748,0,0,0,0,0,9.1,0.0,11.00736,5.50368,0.0,0.0,0.0,0.0,0.0,36.0,0.0,0.0,0.075,0.5,3.0,1.92,0,0,0,0.0,0.0,0,0
2023-03-29 00:00:00,0.0,188.5264,27.6,77.08680000000001,166.4832,95.52912,0.0,0.0,18.2,43.1613,27.88968,16.47828,43.68,0,0,0,0,0,5.569199999999999,0.0,5.48184,0.0,0.0,0.0,0.0,24.0,0.0,24.12,0.0,0.0,0.0,0.125,0.78,0.0192,0,0,0,0.0,0.0,0,0
2023-03-30 00:00:00,0.0,300.8768000000001,28.19616,117.79128,177.01536,79.14576000000001,0.0,0.0,0.0,19.86894,21.85092,21.91644,43.76736,0,0,0,0,0,0.0,16.5438,5.492760000000001,10.93092,0.0,0.0,0.0,36.0,0.0,28.8,0.0,0.0,0.0,0.3,4.5,0.0,0,0,0,0.0,0.0,0,0
2023-03-31 00:00:00,0.0,207.92,0.0,49.8456,73.68096000000001,33.20832,0.0,0.0,9.1546,0.0,0.0,0.0,0.0,0,0,0,0,0,0.0,0.0,0.0,0.0,0.0,0.0,0.0,36.0,0.0,18.6,0.0,0.0,0.0,0.0,6.222,0.0,0,0,0,0.0,0.0,0,0
2023-04-01 00:00:00,0.0,147.2552,0.0,41.4828,44.25936,44.23728000000001,0.0,0.0,0.0,24.79932,76.45092,5.492760000000001,19.31748,0,0,0,0,0,0.0,5.01228,10.92,5.47092,10.92,0.0,0.0,24.0,3.6,14.76,0.0,0.0,2.5,0.0,3.276,0.0,0,0,0,0.0,0.0,0,0
2023-04-02 00:00:00,0.0,165.6736,22.09104,0.0,132.48,67.32192,0.0,0.1104,0.0,0.0,21.84,7.67676,32.83644,0,0,0,0,0,0.0,0.0,5.7876,3.28692,5.612880000000001,0.0,0.168,24.0,4.8,0.0,0.0,0.0,0.0,0.0,3.0,0.0,0,0,0,0.0,0.0,0,0
2023-04-03 00:00:00,0.0,147.2736,27.6,0.0,143.56416,70.3248,0.0,0.0,20.202,0.0,21.87276,21.84,32.80368,0,0,0,0,0,5.46,0.0,10.92,0.0,0.0,0.0,0.0,24.0,0.0,14.736,0.0,0.0,1.575,0.0,3.0,0.72,0,0,0,0.0,0.0,0,0
2023-04-04 00:00:00,0.0,141.5696,33.29664,66.25656000000001,99.06192,31.17696,0.0,0.0,21.8582,0.0,21.5124,21.99288,31.32948,0,0,0,0,0,5.4782,0.01638,22.2768,7.68768,0.0,30.0,0.0,60.0,0.0,26.64,0.0,0.0,4.0,0.0,6.0,0.0,0,0,0,0.0,0.0,0,0
2023-04-05 00:00:00,0.0,156.5288,27.6,67.69728,150.50832,55.72992000000001,0.0,0.0,9.6096,0.0,38.22,16.38,11.0292,0,0,0,0,0,0.0,16.44552,16.40184,7.644,12.03384,25.0,7.2,24.0,4.8,12.0,0.0,0.0,2.525,0.0,3.0,0.0,0,0,0,0.0,0.0,0,0
2023-04-06 00:00:00,0.0,208.1408,14.2968,0.0,124.60848,60.75312,0.0,16.96848,14.5782,82.11294,42.41328,5.525519999999999,11.6298,0,0,0,0,0,3.6582,0.0,11.05104,7.68768,9.52224,50.0,24.0,76.8,5.04,28.8,0.0,0.0,3.75,3.75,9.0,0.0,0,0,0,0.0,0.0,0,0
2023-04-07 00:00:00,0.0,136.6384,0.0,69.73416,150.5856,36.14496,0.0,0.0,0.0,0.0,0.0,0.0,0.0,0,0,0,0,0,0.0,0.0,0.0,0.0,0.0,25.0,7.2,48.0,0.0,29.04,0.0,0.0,0.0,0.725,3.06,0.8496,0,0,0,0.0,0.0,0,0
2023-04-08 00:00:00,0.04416,128.8,7.485120000000001,49.68000000000001,99.42624,22.5216,0.0,0.0,21.84,0.06552,0.0,27.31092,4.18236,0,0,0,0,0,5.4964,0.01638,0.0,5.525519999999999,0.0,12.5,0.0,48.0,0.0,15.12,0.0,0.0,3.75,4.0,6.0,0.96,0,0,0,0.0,0.0,0,0
2023-04-09 00:00:00,22.08,239.2,25.45824,69.81696000000001,88.32000000000002,36.68592,0.0,0.0,0.0,0.0,34.03764,0.0,0.0,0,0,0,0,0,0.0,0.0,8.20092,0.0,0.0,12.5,0.0,24.0,0.0,16.824,0.0,0.0,0.0,0.0,3.0,0.0,0,0,0,0.0,0.0,0,0
2023-04-10 00:00:00,32.06016,142.0296,0.0,49.08384,110.4,0.0,0.0,0.0,0.0,44.32428,27.32184,8.736,0.0,0,0,0,0,0,0.0,18.19818,5.492760000000001,3.34152,0.0,25.0,24.0,72.0,4.8,24.0,0.0,0.0,0.0,0.0,9.0,0.0,0,0,0,0.0,0.0,0,0
2023-04-11 00:00:00,22.34496,129.0208,0.0,50.50800000000001,68.43696000000001,0.0,22.08000000000001,0.0,21.84,0.0,54.6546,20.75892,0.0,0,0,0,0,0,5.46,0.0,10.99644,13.22412,0.0,12.5,0.0,60.0,0.0,24.0,0.0,0.0,0.0,0.0,8.31,0.0,0,0,0,0.0,0.0,0,0
2023-04-12 00:00:00,17.82592,74.68560000000001,0.0,24.93936,90.17472,0.0,21.98064,0.0,10.9382,16.39638,32.76,0.0,0.0,0,0,0,0,0,3.64,8.2719,0.0,0.0,0.0,50.0,7.2,96.0,0.0,36.0,0.0,0.0,5.0,0.0,3.6,0.0,0,0,0,0.0,0.0,0,0
2023-04-13 00:00:00,22.18304,74.79600000000002,0.0,50.50800000000001,122.11344,16.56,0.0,0.0,0.0,0.0,10.92,21.84,0.0,0,0,0,0,0,0.0,0.0,0.0,11.00736,0.0,25.0,16.8,96.0,7.2,24.0,0.0,0.0,10.0,0.0,3.0,0.0,0,0,0,0.0,0.0,0,0
2023-04-14 00:00:00,0.0,92.3312,16.75872,67.29984000000002,95.15376,11.05104,0.0,0.0,0.0,16.49466,0.0,16.46736,0.0,0,0,0,0,0,0.0,0.0,0.0,5.514600000000001,0.0,25.0,7.2,120.0,0.0,24.0,0.0,0.0,0.0,0.0,6.0,1.44,0,0,0,0.0,0.0,0,0
2023-04-15 00:00:00,0.0,73.93120000000002,22.08000000000001,50.22648000000001,55.26624,22.10208,0.0,0.0,23.6782,0.0,13.58448,17.53752,0.0,0,0,0,0,0,3.64,0.0,10.92,4.466279999999999,0.0,12.5,24.0,48.0,7.2,24.0,0.0,0.0,9.75,0.25,7.2,0.0,0,0,0,0.0,0.0,0,0
2023-04-16 00:00:00,0.0,129.1864,27.63312,44.48016000000001,55.20000000000001,27.62208,0.0,0.0,0.0,21.60522,39.22464,0.0,0.0,0,0,0,0,0,0.0,3.32514,21.87276,0.0,0.0,12.5,0.0,48.0,0.12,14.88,0.0,0.0,0.3,0.0,3.0,0.96,0,0,0,0.0,0.0,0,0
2023-04-17 00:00:00,0.0,74.44640000000001,22.1904,74.93400000000001,93.86208,11.62512,0.0,0.0,0.0,0.0,16.41276,7.66584,0.0,0,0,0,0,0,0.0,0.04914,16.38,5.525519999999999,0.0,50.0,12.0,120.0,0.0,24.0,0.0,0.0,0.0,0.0,4.2,0.0,0,0,0,0.0,0.0,0,0
2023-04-18 00:00:00,0.0,110.5104,22.14624,126.8496,110.44416,11.60304,0.0,0.0,17.1626,32.94018,15.93228,11.00736,0.0,0,0,0,0,0,3.7492,0.0,5.46,5.48184,0.0,62.5,7.2,120.0,0.0,36.0,0.0,0.0,7.5,0.0,9.0,0.0,0,0,0,0.0,0.0,0,0
2023-04-19 00:00:00,0.0,128.8552,19.872,249.3108000000001,126.98208,27.78768000000001,0.0,5.586240000000001,18.3092,38.96802,26.62296,13.104,0.0,0,0,0,0,0,0.0,0.0,16.38,3.3306,4.89216,75.0,24.0,120.0,2.472,36.0,0.0,0.0,0.0,0.0,6.0,0.0,0,0,0,0.0,0.0,0,0
2023-04-20 00:00:00,0.0,80.73920000000001,0.0,193.55328,76.66176000000002,16.68144,0.0,0.0,9.1,5.929559999999999,32.22492,17.0898,0.0,0,0,0,0,0,0.0,11.51514,8.05896,2.22768,0.0,62.5,19.2,96.0,0.0,27.6,0.0,0.0,0.0,0.0,6.0,0.0096,0,0,0,0.0,0.0,0,0
2023-04-21 00:00:00,0.0,0.0,0.0,0.0,0.0,0.0,0.0,0.0,0.0,0.0,0.0,0.0,0.0,0,0,0,0,0,0.0,0.0,0.0,0.0,0.0,0.0,0.0,0.0,0.0,0.0,0.0,0.0,0.0,0.0,0.0,0.0,0,0,0,0.0,0.0,0,0
2023-04-22 00:00:00,0.0,0.0,0.0,0.0,0.0,0.0,0.0,0.0,0.0,0.0,0.0,0.0,0.0,0,0,0,0,0,0.0,0.0,0.0,0.0,0.0,0.0,0.0,0.0,0.0,0.0,0.0,0.0,0.0,0.0,0.0,0.0,0,0,0,0.0,0.0,0,0
2023-04-23 00:00:00,0.0,0.0,0.0,0.0,0.0,0.0,0.0,0.0,0.0,0.0,0.0,0.0,0.0,0,0,0,0,0,0.0,0.0,0.0,0.0,0.0,0.0,0.0,0.0,0.0,0.0,0.0,0.0,0.0,0.0,0.0,0.0,0,0,0,0.0,0.0,0,0
2023-04-24 00:00:00,0.0,0.0,0.0,0.0,0.0,0.0,0.0,0.0,0.0,0.0,0.0,0.0,0.0,0,0,0,0,0,0.0,0.0,0.0,0.0,0.0,0.0,0.0,0.0,0.0,0.0,0.0,0.0,0.0,0.0,0.0,0.0,0,0,0,0.0,0.0,0,0
2023-04-25 00:00:00,0.0,0.0,0.0,0.0,0.0,0.0,0.0,0.0,0.0,0.0,0.0,0.0,0.0,0,0,0,0,0,0.0,0.0,0.0,0.0,0.0,0.0,0.0,0.0,0.0,0.0,0.0,0.0,0.0,0.0,0.0,0.0,0,0,0,0.0,0.0,0,0
2023-04-26 00:00:00,0.0,38.78720000000001,0.0,67.76352,0.0,0.0,0.0,0.0,0.0,0.0,0.0,0.0,0.0,0,0,0,0,0,0.0,0.0,0.0,0.0,0.0,20.0,12.0,72.0,0.0,12.0,0.0,0.0,15.0,0.0,3.0,0.0,0,0,0,0.0,0.0,0,0
2023-04-27 00:00:00,0.0,0.0,0.0,0.0,0.0,0.0,0.0,0.0,0.0,0.0,0.0,0.0,0.0,0,0,0,0,0,0.0,0.0,0.0,0.0,0.0,50.0,24.0,120.0,0.0,36.0,0.0,0.0,7.5,0.0,6.0,0.0048,0,0,0,0.0,0.0,0,0
2023-04-28 00:00:00,0.0,0.0,0.0,0.0,0.0,0.0,0.0,0.0,0.0,0.0,0.0,0.0,0.0,0,0,0,0,0,0.0,0.0,0.0,0.0,0.0,37.5,36.0,96.0,7.2,24.0,0.0,0.0,3.825,0.0,0.0,0.96,0,0,0,0.0,0.0,0,0
2023-04-29 00:00:00,0.0,0.0,0.0,99.36,0.0,0.0,0.0,0.0,0.0,32.66172,0.0,0.0,0.0,0,0,0,0,0,0.0,24.43896,0.0,0.0,0.0,12.5,12.0,60.0,2.4,12.0,0.0,0.0,0.0,5.0,3.0,0.0,0,0,0,0.0,0.0,0,0
2023-04-30 00:00:00,0.0,0.0,0.0,0.0,0.0,0.0,0.0,0.0,0.0,0.0,0.0,0.0,0.0,0,0,0,0,0,0.0182,0.0,0.0,0.0,0.0,25.0,28.8,48.0,7.2,12.0,0.0,0.0,5.0,0.0,4.8,0.0,0,0,0,0.0,0.0,0,0
2023-05-01 00:00:00,0.0,0.0,0.0,0.0,0.0,0.0,0.0,0.0,0.0,0.0,0.0,0.0,0.0,0,0,0,0,0,0.0,0.0,0.0,0.0,0.0,0.0,0.0,0.0,0.0,0.0,0.0,0.0,0.0,0.0,0.0,0.0,0,0,0,0.0,0.0,0,0
2023-05-02 00:00:00,0.0,0.0,0.0,0.0,0.0,0.17664,0.0,0.0,0.0,0.0,0.0,0.0,0.0,0,0,0,0,0,0.0,0.0,0.0,0.0,0.0,25.0,24.0,60.0,7.2,12.0,0.0,0.0,0.0,0.0,0.0,0.96,0,0,0,0.0,0.0,0,0
2023-05-03 00:00:00,0.0,0.0,0.0,0.04968,0.0,0.0,0.0,0.0,0.0,0.0,0.0,0.07644,0.0,0,0,0,0,0,0.0,0.0,0.0,0.0,0.0,62.5,60.0,144.0,7.296,24.0,0.0,0.0,4.8,1.25,6.0,0.96,0,0,0,0.0,0.72,0,0
2023-05-04 00:00:00,0.0,0.0,0.0,0.0,0.0,0.0,0.0,0.0,0.0,0.0,0.0,0.0,0.0,0,0,0,0,0,0.0,0.0,0.0,0.0,0.0,75.0,48.0,144.0,0.0,24.0,0.0,0.0,2.5,0.0,12.0,1.4112,0,0,0,0.0,0.0,0,0
2023-05-05 00:00:00,0.0,135.3136,0.0,89.85456,87.01728000000001,24.16656,0.0,0.0,0.0,0.0,43.76736,10.95276,0.0,0,0,0,0,0,0.0,0.0,10.85448,5.667479999999999,0.0,25.0,0.0,96.0,0.0,0.0,10.104,18.0,0.0,0.0,6.0,0.0,0,0,0,0.0,0.0,0,0
2023-05-06 00:00:00,0.0,168.5808,12.00048,36.43200000000001,83.92608,38.71728000000001,0.0,0.0,0.0,0.0,0.0,0.0,0.0,0,0,0,0,0,0.0,0.0,0.0,0.0,6.03876,50.0,24.0,96.0,0.0,24.0,0.0,15.336,0.0,0.0,6.0,0.0,0,0,0,0.0,0.0,0,0
2023-05-07 00:00:00,0.0,221.8672,33.12,228.95856,137.60256,33.30768,0.0,0.0,18.2,41.37588,44.04036,27.54024,0.0,0,0,0,0,0,9.1364,16.51104,11.01828,10.94184,0.0,40.0,28.8,96.0,0.0,24.0,0.0,0.0,0.0,0.0,6.0,0.0,0,0,0,0.0,0.0,0,0
2023-05-08 00:00:00,0.0,166.8328,33.12,180.10656,118.47024,33.2304,0.0,0.0,34.58,40.95,41.43048,23.77284,0.0,0,0,0,0,0,5.46,14.6601,0.0,0.0,0.0,62.5,24.0,144.0,4.8,24.0,0.0,0.0,7.575,0.0,12.0,0.0,0,0,0,0.0,0.0,0,0
2023-05-09 00:00:00,0.0,150.1992,16.7256,154.90224,103.79808,55.21104000000001,0.0,0.0,27.3,32.76,10.92,0.77532,0.0,0,0,0,0,0,3.64,0.21294,0.0,0.0,0.0,50.0,36.0,168.0,2.4,36.0,0.0,0.0,2.5,1.625,6.0,0.0,0,0,0,0.0,0.0,0,0
2023-05-10 00:00:00,0.0,262.4024,0.0,248.2344,143.52,55.28832000000001,0.0,0.0,5.3508,0.0,4.368,0.0,7.349159999999999,0,0,0,0,0,1.8382,0.0,10.93092,0.0,4.914,87.5,52.8,192.0,4.8,28.8,0.0,0.0,0.0,2.125,6.0,0.0,0,0,0,0.0,0.0,0,0
2023-05-11 00:00:00,38.87552,240.8008,0.0,219.65184,132.48,22.1352,0.0,4.526400000000001,0.0,24.58638,43.70184,21.86184,21.84,0,0,0,0,0,0.0,8.33742,11.01828,16.40184,0.0,50.0,24.0,168.0,7.296,16.8,0.0,0.0,0.0,0.0,3.6,0.0384,0,0,0,0.0,0.0,0,0
2023-05-12 00:00:00,0.0,81.84320000000001,0.0,34.99128,102.64992,22.14624,0.0,0.0,12.7036,13.5954,27.4092,17.05704,5.8422,0,0,0,0,0,0.0,0.0,5.47092,5.47092,0.0,37.5,28.8,168.0,7.2,12.0,0.0,0.0,0.0,0.0,0.0,0.0,0,0,0,0.0,0.0,0,0
2023-05-13 00:00:00,36.8,87.25280000000001,0.0,215.31312,110.44416,22.12416,0.0,0.0,0.0,0.0,10.93092,16.38,13.104,0,0,0,0,0,0.0,0.0,10.96368,5.50368,0.0,30.0,12.0,60.0,0.0,0.0,0.0,0.0,0.0,2.5,3.0,0.0,0,0,0,0.0,1.152,0,0
2023-05-14 00:00:00,49.4592,92.0184,13.25904,0.3477600000000001,110.46624,44.16000000000001,0.0,4.416,0.0,0.0,65.53092,10.92,14.32704,0,0,0,0,0,0.0,0.0,10.92,5.46,0.0,25.0,12.0,108.0,4.8,19.2,0.0,0.0,5.0,0.0,3.0,0.0,0,0,0,0.0,0.0,0,0
2023-05-15 00:00:00,0.0,110.4,44.28144,215.47872,110.48832,11.04,0.0,0.0,12.831,24.57,23.3688,32.76,18.564,0,0,0,0,0,3.64,13.104,21.91644,11.0292,0.0,25.0,24.0,96.0,9.528,36.384,0.0,0.0,5.0,0.0,7.47,0.0,0,0,0,0.0,0.0,0,0
2023-05-16 00:00:00,0.0,92.1104,22.08000000000001,158.44608,117.7416,55.26624,0.0,0.0,18.2728,23.43978,10.92,0.28392,7.644,0,0,0,0,0,3.64,5.14332,0.0,0.0,11.91372,25.0,12.0,120.0,0.0,12.0,0.0,0.0,0.4,0.0,3.0,0.72,0,0,0,0.0,0.0,0,0
2023-05-17 00:00:00,0.0,110.4552,27.6,157.8996,99.62496,27.7104,0.0,0.0,0.0,21.294,21.84,10.95276,10.92,0,0,0,0,0,0.0,11.48238,10.92,6.475560000000001,0.90636,12.5,24.0,72.0,0.0,7.2,0.0,0.0,2.5,0.0,0.0,0.0,0,0,0,0.0,0.0,0,0
2023-05-18 00:00:00,0.0,110.4368,27.83184,153.41184,99.39312,16.7808,0.0,0.0,0.0,11.76084,21.86184,16.44552,6.573840000000001,0,0,0,0,0,0.0,4.93038,10.9746,3.34152,4.49904,12.5,24.0,72.0,5.112,19.2,0.0,0.0,0.325,0.425,0.0,0.048,0,0,0,0.0,0.0,0,0
2023-05-19 00:00:00,0.0,52.80800000000001,0.0,36.43200000000001,19.49664,23.2944,0.0,0.0,0.0,7.649459999999999,11.2476,10.92,4.4226,0,0,0,0,0,0.0,0.0,0.0,8.834280000000001,0.0,12.5,12.0,96.0,0.0,12.0,0.0,0.0,2.5,0.0,6.0,0.2448,0,0,0,0.0,0.0,0,0
2023-05-20 00:00:00,0.0,46.1656,16.70352,99.57528,33.2304,0.0,13.248,2.782080000000001,9.3184,16.38,27.3,0.0,3.48348,0,0,0,0,0,3.822,4.9959,11.0292,0.0,3.69096,7.5,4.8,24.0,0.0,12.0,0.0,0.0,2.5,0.0,3.0,0.48,0,0,0,0.0,0.0,0,0
2023-05-21 00:00:00,0.0,0.0,0.0,0.0,0.0,0.0,35.39424,0.0,0.0,0.0,16.53288,0.0,0.0,0,0,0,0,0,0.0,0.0,11.60796,0.0,0.0,7.5,4.8,60.0,0.0,12.0,0.0,0.0,0.0,0.0,3.0,0.0,0,0,0,0.0,0.0,0,0
2023-05-22 00:00:00,0.0,0.0,0.0,0.0,0.0,0.0,0.0,0.0,0.0,0.0,0.0,0.0,0.0,0,0,0,0,0,0.0,0.0,0.0,0.0,0.0,5.0,2.4,48.0,0.0,4.8,0.0,0.0,0.0,0.0,1.2,0.0,0,0,0,0.0,0.0,0,0
2023-05-23 00:00:00,0.0,73.7656,0.0,0.0,66.41664,16.6152,0.0,5.520000000000001,0.0,0.0,0.0,10.9746,0.0,0,0,0,0,0,0.0,0.0,0.0,3.3306,0.0,12.5,12.0,72.0,19.2,7.2,0.0,0.0,0.0,15.35,1.8,0.912,0,0,0,0.0,0.0,0,0
2023-05-24 00:00:00,0.0,0.0,0.0,0.0,0.0,0.0,0.0,0.0,0.0,0.0,0.0,0.0,0.0,0,0,0,0,0,0.0,0.0,0.0,0.0,0.0,0.0,0.0,0.0,0.0,0.0,0.0,0.0,0.0,0.0,0.0,0.0,0,0,0,0.0,0.0,0,0
2023-05-25 00:00:00,0.0,0.0,0.0,66.24000000000001,44.16000000000001,27.6,0.0,0.0,0.0,0.0,16.36908,19.67784,0.0,0,0,0,0,0,0.0,0.19656,13.1586,7.65492,0.0,7.5,36.0,24.0,0.0,12.0,0.0,0.0,2.5,0.0,5.298,0.0,0,0,0,0.0,0.0,0,0
2023-05-26 00:00:00,0.0,64.6392,0.0,49.77936000000001,33.15312,11.34912,0.0,0.0,7.28,0.0,0.0,0.0,0.0,0,0,0,0,0,1.82,0.0,0.0,0.0,0.0,12.5,24.0,60.0,0.0,7.2,0.0,0.0,2.5,0.0,3.6,0.0,0,0,0,0.0,0.0,0,0
2023-05-27 00:00:00,0.0,0.0,0.0,0.0,22.1904,11.11728,0.0,1.1592,0.0,6.552,16.40184,1.48512,2.184,0,0,0,0,0,0.0,4.095,5.47092,4.43352,1.092,12.5,12.0,24.0,0.0,4.8,0.0,0.0,0.0,0.0,0.0,0.0,0,0,0,0.0,0.0,0,0
2023-05-28 00:00:00,0.0,59.67120000000001,11.05104,24.85656000000001,44.16000000000001,22.1352,0.0,1.33584,0.0,6.584759999999999,5.53644,4.695600000000001,1.13568,0,0,0,0,0,0.0,1.65438,5.492760000000001,0.0,1.10292,17.5,24.0,48.0,0.0,12.0,0.0,0.0,0.0,0.0,2.4,0.0,0,0,0,0.0,0.0,0,0
2023-05-29 00:00:00,0.0,73.8208,11.2608,33.38496000000001,55.2552,22.20144,0.0,0.0,9.191,8.239139999999999,5.47092,7.7532,3.276,0,0,0,0,0,1.82,3.29238,3.30876,3.3306,3.29784,20.0,24.0,60.0,0.0,7.2,0.0,0.0,0.0,0.0,1.8,0.0,0,0,0,0.0,4.8,0,0
2023-05-30 00:00:00,0.0,55.2368,11.27184,16.94088,33.19728000000001,16.60416,0.0,1.14816,0.0,5.077799999999999,21.92736,9.0636,0.0,0,0,0,0,0,0.0,1.65438,5.50368,2.2386,0.0,20.0,12.0,48.0,0.072,5.352,0.0,0.0,2.5,4.0,1.8,0.48,0,0,0,0.0,0.0,0,0
2023-05-31 00:00:00,0.0,0.0,0.0,0.0,0.0,11.0952,0.0,0.0,0.0,0.0,0.0,0.0,0.0,0,0,0,0,0,0.0,0.0,0.0,0.0,0.0,12.5,4.8,24.0,7.2,9.6,0.0,0.0,0.0,0.0,4.8,0.48,0,0,0,0.0,0.0,0,0
2023-06-01 00:00:00,0.0,55.29200000000001,0.0,0.0,33.12,22.08000000000001,0.0,0.0,0.0,0.0,0.0,0.0,0.0,0,0,0,0,0,0.0,0.0,3.34152,0.0,0.0,1.45,2.208,12.792,0.0,0.0,0.0,0.0,0.0,0.0,0.03,0.0,0,0,0,0.0,0.0,0,0
2023-06-02 00:00:00,0.0,18.5472,0.0,0.0,27.6,11.08416,0.0,0.0,0.0,0.0,7.61124,7.61124,0.0,0,0,0,0,0,0.0,0.0,2.2386,3.31968,0.0,12.5,12.0,24.0,0.0,7.2,0.0,0.0,2.5,0.0,3.0,0.0,0,0,0,0.0,0.0,0,0
2023-06-03 00:00:00,0.0,0.0,0.0,0.0,0.0,0.0,0.0,0.0,0.0,0.0,0.0,0.0,0.0,0,0,0,0,0,0.0,0.0,0.0,0.0,0.0,0.0,0.0,0.0,0.0,0.0,11.04,41.496,0.0,0.025,0.0,0.0,0,0,0,0.0,0.0,0,0
2023-06-04 00:00:00,0.0,27.7656,0.0,0.0,33.19728000000001,16.56,0.0,2.208,5.569199999999999,0.0,7.65492,5.525519999999999,0.0,0,0,0,0,0,3.64,0.06552,3.30876,7.644,0.0,12.5,12.0,24.0,4.8,12.12,0.0,0.0,2.5,0.0,1.83,0.0,0,0,0,0.0,0.0,0,0
2023-06-05 00:00:00,0.0,36.8184,0.0,0.0,33.12,20.95392,0.0,0.0,1.8746,0.06552,3.276,0.0,0.0,0,0,0,0,0,0.0,0.0,0.0,0.0,0.0,17.5,12.0,36.0,2.4,12.12,0.0,0.0,5.0,0.0,2.4,0.0,0,0,0,0.0,0.0,0,0
2023-06-06 00:00:00,0.0,92.0,0.0,0.0,60.76416,16.56,0.0,2.27424,0.0,0.0,7.66584,7.644,0.0,0,0,0,0,0,0.0,0.0,3.28692,2.184,0.0,0.0,24.0,24.0,0.0,4.8,0.0,0.0,3.375,0.625,6.6,0.0,0,0,0,0.0,0.0,0,0
2023-06-07 00:00:00,0.0,55.31040000000001,0.0,0.0,55.24416,13.25904,0.0,0.0,0.0,11.51514,4.92492,4.37892,0.0,0,0,0,0,0,0.0,8.222760000000001,5.48184,5.48184,0.0,0.0,12.0,24.0,4.8,24.0,0.0,0.0,0.0,0.0,3.0,0.0,0,0,0,0.0,0.0,0,0
2023-06-08 00:00:00,0.0,193.2,0.0,0.0,77.32416,22.09104,0.0,0.0,0.0,8.222760000000001,12.02292,19.67784,0.0,0,0,0,0,0,0.0,6.601139999999999,8.75784,3.28692,0.0,0.0,19.2,24.0,4.8,24.0,0.0,0.0,2.5,2.125,4.2,0.0,0,0,0,0.0,0.0,0,0
2023-06-09 00:00:00,0.0,64.5472,0.0,0.0,33.18624000000001,14.37408,0.0,0.0,0.0,0.0,0.0,0.0,0.0,0,0,0,0,0,0.0,0.0,0.0,5.47092,0.0,12.5,24.0,72.0,4.92,24.0,0.0,0.0,0.0,0.0,4.2,1.032,0,0,0,0.0,0.0,0,0
2023-06-10 00:00:00,7.47776,56.23040000000001,0.0,0.0,44.22624,27.6552,0.0,0.0,3.6582,8.222760000000001,7.77504,0.0,0.0,0,0,0,0,0,0.91,0.819,4.38984,0.0,0.0,25.0,12.0,60.0,0.0,12.0,0.0,0.0,2.7,0.0,3.0,0.0,0,0,0,0.0,0.0,0,0
2023-06-11 00:00:00,8.36096,0.0,0.0,0.0,0.0,0.0,8.820960000000001,0.0,0.0,0.0,5.50368,15.834,0.0,0,0,0,0,0,0.0,0.0,0.0,1.12476,0.0,17.5,7.2,48.0,0.0,7.2,0.0,0.0,2.5,0.0,3.0,0.0,0,0,0,0.0,0.0,0,0
2023-06-12 00:00:00,22.08,221.1312,0.0,33.23592000000001,165.6,2.208,38.68416000000001,4.449120000000001,18.2728,40.99914,16.40184,0.0,10.92,0,0,0,0,0,9.555,8.255519999999999,5.48184,0.0,6.552,12.5,12.0,72.0,9.6,16.8,0.0,0.0,0.0,12.5,3.0,0.0048,0,0,0,0.0,0.0,0,0
2023-06-13 00:00:00,59.67488,212.0416,0.0,57.97656000000001,165.62208,75.12720000000002,0.0,4.416,0.0,0.0,16.51104,21.98196,16.38,0,0,0,0,0,0.0,8.222760000000001,5.47092,10.94184,1.092,0.0,7.2,36.0,7.2,12.0,0.0,0.0,7.625,0.25,3.0,0.9648,0,0,0,0.0,0.0,0,0
2023-06-14 00:00:00,0.0,239.2736,11.19456,67.87944,100.58544,77.34624000000001,0.0,0.0,0.0,0.0,16.44552,21.87276,13.12584,0,0,0,0,0,0.0,0.0,5.44908,10.92,0.0,0.0,24.0,36.0,4.992,13.68,0.0,0.0,0.15,0.0,4.2,0.0,0,0,0,0.0,0.0,0,0
2023-06-15 00:00:00,0.0,276.0000000000001,33.2856,67.84632,165.6,93.85104,0.0,0.0,21.84,0.0,16.47828,32.85828,5.525519999999999,0,0,0,0,0,3.64,0.0,5.492760000000001,5.47092,0.0,0.0,24.0,48.0,4.8,16.8,0.0,0.0,0.0,0.95,4.2,0.0,0,0,0,0.0,0.0,0,0
2023-06-16 00:00:00,0.0,87.67600000000002,0.0,39.19752,16.95744,0.0,0.0,0.0,0.0,0.0,16.38,21.88368,10.9746,0,0,0,0,0,0.0,0.0,5.492760000000001,2.35872,0.0,50.0,36.0,96.0,4.8,36.0,0.0,0.0,3.75,2.5,4.8,0.0,0,0,0,0.0,0.0,0,0
2023-06-17 00:00:00,0.0,110.4,22.08000000000001,23.23368,66.24,55.21104000000001,0.0,3.312,0.0,0.0,21.87276,0.0,0.0,0,0,0,0,0,9.1,0.0,10.92,10.92,9.1728,5.0,12.0,36.0,0.0,7.2,0.0,0.0,6.25,0.0,1.2,0.96,0,0,0,0.0,0.0,0,0
2023-06-18 00:00:00,0.0,184.1656,44.16000000000001,34.34544,126.99312,71.76,0.0,1.2144,0.0,16.41276,27.37644,10.96368,2.22768,0,0,0,0,0,0.0,8.255519999999999,16.39092,10.92,5.547359999999999,5.0,12.0,48.0,0.0,7.2,0.0,0.0,2.5,0.0,1.2,0.0,0,0,0,0.0,0.0,0,0
2023-06-19 00:00:00,0.0,145.8752,38.81664000000001,42.11208000000001,144.17136,77.41248000000002,0.0,0.0,18.2,8.37018,21.84,0.0,5.46,0,0,0,0,0,9.1,8.239139999999999,10.92,0.0,0.0,12.0,36.0,84.0,7.2,24.0,0.0,0.0,0.0,5.0,4.2,0.0,0,0,0,0.0,0.0,0,0
2023-06-20 00:00:00,0.0,118.4776,23.58144,40.52232000000001,52.81536000000001,18.768,0.0,0.0,27.3,24.58638,43.75644,34.11408,27.3,0,0,0,0,0,12.74,8.2719,21.8946,16.5438,5.46,17.5,28.8,84.0,4.872,28.8,0.0,0.0,3.75,0.0,6.0,0.0,0,0,0,0.0,0.0,0,0
2023-06-21 00:00:00,0.0,220.8,33.19728000000001,49.68000000000001,99.36,26.25312,0.0,3.312,0.0,0.0,43.7346,16.38,13.55172,0,0,0,0,0,0.0,0.0,13.45344,5.47092,0.0,17.5,24.0,108.0,4.8,48.0,0.0,0.0,3.75,0.0,9.0,0.0048,0,0,0,0.0,0.0,0,0
2023-06-22 00:00:00,0.0,276.0000000000001,32.88816000000001,50.14368000000001,110.4,27.6,0.0,0.0,0.0,8.288279999999999,65.52,24.024,5.525519999999999,0,0,0,0,0,0.0,0.0,21.85092,3.28692,0.0,12.5,12.0,108.0,0.0,48.0,0.0,0.0,6.25,1.25,4.8,0.96,0,0,0,0.0,0.0,0,0
2023-06-23 00:00:00,0.0,126.592,0.0,0.0,106.06128,63.7008,0.0,0.0,0.0,0.0,22.24404,10.94184,5.46,0,0,0,0,0,0.0,0.0,5.46,0.0,0.0,20.0,7.2,108.0,0.0,48.0,0.0,0.0,10.125,1.5,4.2,0.4896,0,0,0,0.0,0.0,0,0
2023-06-24 00:00:00,0.0,110.4552,0.0,0.0,88.38624,33.15312,0.0,0.0,18.2,0.0,23.71824,28.40292,10.92,0,0,0,0,0,0.0,0.0,7.66584,7.68768,0.0,12.5,0.0,72.0,0.0,0.0,0.0,0.0,0.0,0.5,4.2,0.0,0,0,0,0.0,0.0,0,0
2023-06-25 00:00:00,0.0,156.4552,44.34768,132.48,187.05072,71.80416000000001,0.0,0.0,0.0,24.58638,27.31092,21.96012,5.46,0,0,0,0,0,0.0,8.222760000000001,10.98552,8.736,0.0,17.5,0.0,72.0,0.0,7.2,0.0,0.0,0.0,0.0,1.8,0.0,0,0,0,0.0,0.0,0,0
2023-06-26 00:00:00,0.0,101.6416,11.592,95.18688000000002,108.6336,29.60928,0.0,0.0,0.0,32.82552,0.0,0.0,4.368,0,0,0,0,0,0.0,11.5479,0.0,0.0,0.0,0.0,0.0,0.0,0.0,0.0,0.0,0.0,0.0,12.5,0.0,0.0,0,0,0,0.0,0.0,0,0
2023-06-27 00:00:00,0.0,0.0,0.0,143.55864,0.0,0.0,0.0,0.0,0.0,8.55036,0.0,0.0,0.0,0,0,0,0,0,0.0,0.0,0.0,0.0,0.0,0.0,12.72,24.0,4.872,32.424,0.0,0.0,0.0,1.375,6.474,0.0,0,0,0,0.0,0.0,0,0
2023-06-28 00:00:00,0.0,0.0,0.0,0.0,0.0,0.0,0.0,0.0,0.0,0.0,0.0,0.0,0.0,0,0,0,0,0,0.0,0.0,0.0,0.0,0.0,0.0,0.0,0.0,0.0,0.0,0.0,0.0,0.0,0.0,0.0,0.0,0,0,0,0.0,0.0,0,0
2023-06-29 00:00:00,0.0,0.0,0.0,0.0,0.0,0.0,0.0,0.0,0.0,0.0,0.0,0.0,0.0,0,0,0,0,0,0.0,0.0,0.0,0.0,0.0,0.0,0.0,0.0,0.0,0.0,0.0,0.0,0.0,0.0,0.0,0.0,0,0,0,0.0,0.0,0,0
2023-06-30 00:00:00,0.0,0.0,0.0,0.0,0.0,0.0,0.0,0.0,0.0,0.0,0.0,0.0,0.0,0,0,0,0,0,0.0,0.0,0.0,0.0,0.0,0.0,0.0,0.0,0.0,0.0,0.0,0.0,0.0,0.0,0.0,0.0,0,0,0,0.0,0.0,0,0
2023-07-01 00:00:00,0.0,0.0,0.0,0.0,0.0,0.0,0.0,0.0,0.0,0.0,0.0,0.0,0.0,0,0,0,0,0,0.0,0.0,0.0,0.0,0.0,0.0,0.0,0.0,0.0,0.0,0.0,0.0,0.0,0.0,0.0,0.0,0,0,0,0.0,0.0,0,0
2023-07-02 00:00:00,1.472,0.0,0.0,0.0,0.0,0.0,0.0,0.0,0.0,0.0,0.0,0.0,0.0,0,0,0,0,0,0.0,0.0,0.0,0.0,0.0,0.0,0.0,0.0,0.0,0.0,0.0,0.0,0.0,0.0,0.0,0.0,0,0,0,0.0,0.0,0,0
2023-07-03 00:00:00,13.33632,0.0,0.0,0.0,0.0,0.0,0.0,0.0,0.0182,0.0,0.0,0.0,0.0,0,0,0,0,0,0.0,0.0,0.02184,0.0,0.0,10.0,12.0,72.0,7.2,24.0,0.0,0.0,0.0,0.0,0.0,0.0,0,0,0,0.0,0.0,0,0
2023-07-04 00:00:00,14.85248,0.0,0.0,0.0,0.0,0.0,0.0,0.0,7.2982,16.65846,13.104,4.368,0.0,0,0,0,0,0,0.0,4.127759999999999,5.46,3.276,2.184,20.0,14.4,84.0,0.0,36.0,0.0,0.0,0.725,0.0,3.0,0.0,0,0,0,0.0,0.0,0,0
2023-07-05 00:00:00,0.0,46.0368,0.0,49.68000000000001,0.0,0.0,0.0,2.4288,2.73,8.19,16.4892,6.56292,0.0,0,0,0,0,0,0.0,3.276,2.19492,1.092,1.11384,37.5,0.0,96.0,0.0,48.0,0.0,0.0,2.5,0.0,6.0,0.96,0,0,0,0.0,0.0,0,0
2023-07-06 00:00:00,17.89952,119.6,0.0,49.68000000000001,44.16000000000001,13.248,0.0,1.70016,3.64,13.12038,13.11492,0.1092,0.58968,0,0,0,0,0,0.0,3.29238,8.74692,5.46,1.1466,37.5,0.0,108.0,0.0,36.0,0.0,0.0,0.0,0.0,6.0,0.7296,0,0,0,0.0,1.08,0,0
2023-07-07 00:00:00,0.0,55.2552,0.0,66.35592000000001,44.28144,0.0,0.0,3.334080000000001,0.0,0.0,11.00736,19.66692,0.0,0,0,0,0,0,0.0,0.0,0.0,7.65492,0.09828,25.0,24.0,120.0,7.272,24.0,0.0,0.0,5.275,0.0,7.2,0.0,0,0,0,0.0,0.0,0,0
2023-07-08 00:00:00,0.0,55.51280000000001,0.0,66.25656000000001,0.0,0.0,0.0,0.0,27.3182,0.0,74.39796000000001,16.93692,0.0,0,0,0,0,0,1.82,0.0,27.33276,5.46,0.0,0.0,0.0,120.0,0.0,19.2,0.0,0.0,2.5,6.0,4.8,0.3408,0,0,0,0.0,0.0,0,0
2023-07-09 00:00:00,0.0,82.85520000000001,0.0,49.74624000000001,38.89392000000001,16.62624,0.0,4.449120000000001,9.1,13.20228,21.88368,16.38,0.0,0,0,0,0,0,0.0,3.29238,10.92,5.48184,0.0,0.0,0.0,120.0,0.0,19.92,0.0,0.0,0.0,0.0,3.0,0.0,0,0,0,0.0,0.0,0,0
2023-07-10 00:00:00,14.80832,257.6,0.0,49.69656000000001,143.56416,53.03616,0.0,1.104,14.56,13.12038,21.8946,19.73244,19.0008,0,0,0,0,0,3.64,3.276,5.50368,5.492760000000001,8.7906,25.0,24.0,144.0,0.0,24.0,0.0,0.0,2.5,0.0,7.8,0.96,0,0,0,0.0,0.0,0,0
2023-07-11 00:00:00,0.0,148.5432,0.0,49.81248000000001,78.50544000000001,27.61104,0.0,1.17024,9.118199999999998,13.03848,43.74552,10.92,0.0,0,0,0,0,0,1.82,3.29238,5.46,2.21676,5.514600000000001,25.0,36.0,144.0,0.0,30.0,0.0,0.0,2.5,0.0,3.6,0.4848,0,0,0,0.0,0.024,0,0
2023-07-12 00:00:00,0.0,138.0368,0.0,49.8456,99.38208,53.05824,0.0,0.0,0.0,13.13676,27.33276,13.1586,9.45672,0,0,0,0,0,0.0,3.29238,5.46,3.3306,0.0,25.0,24.0,84.0,0.0,12.0,9.936,28.8,0.0,0.0,3.6,0.0,0,0,0,0.0,0.0,0,0
2023-07-13 00:00:00,22.1536,230.0552,0.0,141.60456,132.50208,55.2552,0.0,3.312,0.0,13.15314,0.0,8.74692,7.74228,0,0,0,0,0,0.0,3.29238,5.525519999999999,2.20584,0.0,20.0,12.0,120.0,4.8,7.2,0.0,12.072,2.5,1.5,3.0,0.0048,0,0,0,0.0,0.0,0,0
2023-07-14 00:00:00,0.0,55.7152,0.0,36.64728000000001,37.00608,27.58896,0.0,0.0,0.0,0.0,0.0,3.41796,3.1122,0,0,0,0,0,0.0,0.0,0.0,2.184,0.0,20.0,0.0,96.0,7.2,4.8,0.0,0.0,2.5,0.0,4.2,0.0,0,0,0,0.0,0.0,0,0
2023-07-15 00:00:00,44.21888000000001,56.32240000000001,0.0,0.0,33.99216000000001,0.0,11.04,1.656,0.0,0.0,16.38,0.0,8.75784,0,0,0,0,0,0.0,0.0,10.92,0.0,0.0,8.75,19.2,12.0,2.424,4.8,0.0,0.0,5.0,1.175,3.0,0.5808,0,0,0,0.0,0.0,0,0
2023-07-16 00:00:00,0.0,55.27360000000001,11.17248,49.76280000000001,33.15312,0.0,36.38784,1.17024,0.0,13.7592,16.66392,0.0,6.388199999999999,0,0,0,0,0,0.0,3.30876,5.492760000000001,0.0,0.0,8.75,16.8,36.0,0.0,4.8,0.0,0.0,0.475,0.05,3.0,0.0,0,0,0,0.0,0.0,0,0
2023-07-17 00:00:00,0.0,147.5496,33.41808,44.91072000000001,99.36,0.0,7.8936,0.0,0.0,13.104,21.92736,6.552,8.99808,0,0,0,0,0,0.0,3.276,3.3306,3.29784,0.0,17.5,28.416,108.0,4.848,24.0,0.0,0.0,0.0,0.0,4.2,0.0,0,0,0,0.0,0.0,0,0
2023-07-18 00:00:00,0.0,55.20000000000001,44.24832000000001,66.24000000000001,33.16416,22.1352,0.0,0.0,9.191,16.39638,21.91644,21.85092,11.01828,0,0,0,0,0,1.82,8.30466,7.709519999999999,6.58476,5.46,12.5,12.0,96.0,4.8,16.8,0.0,0.0,6.25,1.5,4.2,0.48,0,0,0,0.0,0.0,0,0
2023-07-19 00:00:00,0.0,73.96800000000002,22.1352,253.55016,33.69408,22.11312,0.0,0.0,3.64,32.77638,11.0838,11.00736,8.736,0,0,0,0,0,0.0,8.0262,5.48184,6.573840000000001,7.698600000000001,12.5,7.2,108.0,0.0,24.0,0.0,0.0,2.5,5.0,7.2,0.96,0,0,0,0.0,0.0,0,0
2023-07-20 00:00:00,0.0,110.4552,16.6152,264.96,44.2152,44.32560000000001,0.0,1.13712,5.569199999999999,22.26042,5.514600000000001,10.99644,25.79304,0,0,0,0,0,0.0,8.20638,5.50368,5.47092,2.21676,12.5,36.0,108.0,4.8,36.0,0.0,0.0,3.35,0.0,6.0,0.48,0,0,0,0.0,0.0,0,0
2023-07-21 00:00:00,0.0,93.5824,0.0,75.11616000000001,45.03216,22.09104,0.0,0.0,0.0,0.0,10.96368,10.94184,6.552,0,0,0,0,0,0.0,0.0,5.48184,0.0,0.0,25.0,28.8,144.0,4.8,12.0,0.0,0.0,5.0,2.5,6.0,0.24,0,0,0,0.0,0.0,0,0
2023-07-22 00:00:00,0.0,46.0368,22.08000000000001,99.36,46.48944,9.770400000000002,0.0,2.34048,5.5146,32.82552,13.104,2.184,9.828,0,0,0,0,0,0.0,4.93038,5.47092,1.092,0.0,12.5,11.448,84.0,2.4,7.2,0.0,0.0,0.0,0.0,1.8,0.24,0,0,0,0.0,0.0,0,0
2023-07-23 00:00:00,0.0,46.00000000000001,16.6704,99.40968,33.16416,11.07312,0.0,1.104,1.8746,16.38,5.50368,3.30876,10.76712,0,0,0,0,0,0.0,4.97952,3.28692,1.11384,1.092,12.5,0.0,84.0,0.0,7.2,0.0,0.0,0.35,12.825,1.8,0.0,0,0,0,0.0,0.0,0,0
2023-07-24 00:00:00,0.0,73.67360000000001,13.32528,82.91592000000001,44.28144,22.10208,0.0,2.24112,1.8746,16.49466,38.30736,19.67784,13.11492,0,0,0,0,0,0.0,3.29238,8.76876,5.47092,2.76276,25.0,0.0,120.0,4.8,24.0,0.0,0.0,10.0,0.0,4.2,0.0,0,0,0,0.0,1.872,0,0
2023-07-25 00:00:00,0.0,73.7104,11.07312,66.48840000000001,65.688,20.68896,0.0,0.0,0.0,3.30876,11.1384,5.48184,16.41276,0,0,0,0,0,0.0,6.552,8.77968,2.20584,0.0,37.5,28.8,144.0,0.0,24.0,0.0,0.0,0.0,3.0,4.2,0.0,0,0,0,0.0,0.0,0,0
2023-07-26 00:00:00,0.0,73.7288,11.10624,49.89528000000001,56.1384,18.13872,0.0,0.0,9.1728,16.60932,34.96584,16.2162,0.0,0,0,0,0,0,2.73,4.963139999999999,12.012,7.644,4.45536,50.0,36.0,144.0,4.8,24.0,0.0,0.0,2.05,0.0,6.0,0.0,0,0,0,0.0,0.12,0,0
2023-07-27 00:00:00,0.0,174.8184,0.0,132.51312,110.4552,64.06512000000001,0.0,0.0,12.74,41.22846,49.15092,32.78184,32.80368,0,0,0,0,0,3.7128,8.239139999999999,16.38,16.38,0.0,37.5,28.8,156.0,0.0,12.0,0.0,0.0,7.5,6.25,2.4,0.0,0,0,0,0.0,0.0,0,0
2023-07-28 00:00:00,0.0,197.0824,0.0,202.9428,136.896,67.09008,0.02208,0.0,0.0,0.0,0.0,0.0,10.92,0,0,0,0,0,0.0,0.0,0.0,0.0,0.0,50.0,36.0,180.0,7.2,28.8,0.0,0.0,12.5,6.25,6.0,0.0,0,0,0,0.6,0.0,0,0
2023-07-29 00:00:00,0.01472,128.8,0.0,132.48,66.30624,22.10208,0.0,0.0,18.2,13.104,60.61692,32.76,14.196,0,0,0,0,0,0.0,0.0,5.547359999999999,0.0,0.0,37.5,28.8,216.0,4.8,36.0,0.0,0.0,10.0,0.0,6.0,0.0,0,0,0,0.0,0.0,0,0
2023-07-30 00:00:00,0.0,170.8072,55.20000000000001,132.48,105.18912,30.66912,0.0,2.230080000000001,9.1,13.16952,21.86184,15.561,27.3,0,0,0,0,0,1.82,3.29238,5.50368,0.0,2.24952,12.5,4.8,120.0,4.8,12.0,0.0,0.0,2.55,0.0,0.0,0.0,0,0,0,11.16,0.0,0,0
2023-07-31 00:00:00,29.44,0.0,0.0,50.06088,44.16000000000001,11.05104,0.0,0.0,0.0,24.60276,43.70184,11.05104,21.9492,0,0,0,0,0,0.0,5.01228,13.12584,8.81244,2.184,0.0,0.0,0.0,0.0,0.0,0.0,0.0,0.0,0.0,0.0,0.0,0,0,0,0.0,0.0,0,0
2023-08-01 00:00:00,14.77888,0.0,0.0,149.15592,44.22624,27.64416,5.520000000000001,0.0,0.0,32.76,43.70184,13.08216,13.4862,0,0,0,0,0,0.0182,8.239139999999999,10.9746,10.98552,2.21676,0.0,0.0,0.0,0.0,0.0,0.0,0.0,0.0,0.15,0.0,0.48,0,0,0,0.0,0.0,0,0
2023-08-02 00:00:00,14.80832,0.0,0.0,190.44,33.12,0.0,36.69696,0.0,3.6764,13.15314,0.0,0.0,7.67676,0,0,0,0,0,1.8382,5.04504,10.92,0.0,1.092,0.0,0.0,0.0,0.0,0.0,0.0,0.0,0.0,3.5,0.0,0.0,0,0,0,0.0,0.0,0,0
2023-08-03 00:00:00,0.0,3.680000000000001,0.0,190.44,33.68304,5.520000000000001,9.936,0.0,1.82,13.1859,5.48184,0.1092,3.276,0,0,0,0,0,0.0,4.914,7.66584,0.0,1.68168,12.5,7.2,84.0,0.0,7.2,0.0,0.0,0.0,0.25,1.8,0.24,0,0,0,0.0,0.0,0,0
2023-08-04 00:00:00,0.0,69.9936,0.0,49.79592,44.22624,31.06656,0.0,0.0,6.388199999999999,0.0,16.38,0.0,8.736,0,0,0,0,0,0.91,0.0,5.492760000000001,0.0,0.0,12.5,12.0,96.0,0.0,16.8,0.0,0.0,0.0,2.25,4.8,0.24,0,0,0,0.0,0.0,0,0
2023-08-05 00:00:00,0.0,92.1104,0.0,86.62536000000001,55.2552,13.28112,0.0,0.0,2.0384,16.38,7.644,21.87276,9.16188,0,0,0,0,0,0.0,0.0,5.46,8.736,4.368,7.5,24.0,24.0,0.0,9.6,0.0,0.0,6.25,0.0,3.0,0.384,0,0,0,0.0,0.0,0,0
2023-08-06 00:00:00,22.08,58.36480000000001,0.0,0.0,44.17104,11.04,0.0,5.564160000000001,3.094,16.41276,10.94184,10.96368,4.586399999999999,0,0,0,0,0,0.0,0.0,8.7906,8.736,6.573840000000001,0.025,22.392,14.28,0.0,7.2,0.0,0.0,2.5,12.5,1.8,0.0,0,0,0,0.0,1.44,0,0
2023-08-07 00:00:00,7.41888,27.6,11.04,0.0,33.16416,22.08000000000001,0.0,0.0,6.37,0.0,16.38,14.23968,16.45644,0,0,0,0,0,0.0,0.0,3.276,2.184,8.74692,0.0,0.0,0.0,0.0,0.0,0.0,0.0,12.5,1.25,0.0,0.0,0,0,0,0.0,0.0,0,0
2023-08-08 00:00:00,0.0,0.0,16.76976,0.0,14.4624,11.30496,0.0,0.0,0.0,0.0,15.33168,0.0,5.50368,0,0,0,0,0,0.0,0.0,7.67676,0.0,0.44772,0.0,0.0,0.0,0.0,0.0,0.0,0.0,1.5,0.0,0.0,0.0,0,0,0,0.0,0.0,0,0
2023-08-09 00:00:00,0.0,0.0,0.0,0.0,0.0,0.0,0.0,0.0,0.0,0.0,0.0,0.0,0.0,0,0,0,0,0,0.0,0.0,0.0,0.0,0.0,0.0,0.0,0.0,0.0,0.0,0.0,0.0,0.0,0.0,0.0,0.0,0,0,0,0.0,0.0,0,0
